time,text
2024-04-13T16:33:28.118+03:00,"–ß—Ç–æ–±—ã —Ç–∞–∫ —Ç–æ–ø–∏–ª–∏ –∫–æ–º–ø–∞–Ω–∏—é –Ω–∞–ø–æ–º–Ω—é 1 —ç—à–µ–ª–æ–Ω–∞, —ç—Ç–æ –µ—Å—Ç–µ—Å—Ç–≤–µ–Ω–Ω–æ –º–∞–Ω–∏–ø—É–ª—è—Ü–∏—è, –Ω—É –≤—Å–µ–º —ç—Ç–æ –æ—á–µ–≤–∏–¥–Ω–æ —è –∂–µ –Ω–µ –≤—Ä—É, –≤—ã —Å–∞–º–∏ –≤–∏–¥–∏—Ç–µ.

–ò —ç—Ç–æ –¥–µ–ª–∞–µ—Ç –ë–∫—Å! –ü–æ—Å–º–æ—Ç—Ä–∏—Ç–µ –ì–∞–∑–ø—Ä–æ–º —Å—Ç–∞–∫–∞–Ω –∏ —ç—Ç–æ—Ç.

–û–¥–Ω–æ –∏ —Ç–æ–∂–µ, –∞–ª–≥–æ—Ä–∏—Ç–º –æ–¥–∏–Ω –∏ —Ç–æ—Ç –∂–µ! –ß—Ç–æ–±—ã —É –Ω–∏—Ö –≤—Å—è –∞–ø–ø–∞—Ä—É—Ç—Ä–∞ —É –º–º —Å–≥–æ—Ä–µ–ª–∞ –≤ —ç—Ç–æ–º –≥–æ–¥—É –∏ —á—Ç–æ–±—ã –æ–Ω–∏ –≤—Å–µ —É–±—ã—Ç–∫–∞—Ö –±—ã–ª–∏.

–ü–æ—Ç–æ–º –ø–æ—Å–º–æ—Ç—Ä–∏–º.

–ê —è –Ω–∞ —Å–≤–æ—ë–º –±—É–¥—É —Å—Ç–æ—è—Ç—å! –ê –ø–æ–∫–∞ –ø—ã—Ç–∞—é—Å—å —Å–æ–±—Ä–∞—Ç—å –ª—é–¥–µ–π –∏ –Ω–∞–ø–∏—Å–∞—Ç—å –∫–æ–ª–ª–µ–∫—Ç–∏–≤–Ω–æ–µ –æ–±—Ä–∞—â–µ–Ω–∏–µ —É–∂–µ –Ω–µ —Ü–±, –∞ –≤ –æ—Ä–≥–∞–Ω—ã.

–°–∫—Ä–∏–Ω—ã, –∑–∞–ø–∏—Å–∏ –≤—Å–µ –µ—Å—Ç—å.

–î–∞ —Ü–µ–Ω–∞ –ø–æ —Ç–∞ –¥–≤–∏–≥–∞–µ—Ç—Å—è —Å–æ–≥–ª–∞—à—É—Å—å, –Ω–æ –µ—ë —Å–ª–∏—à–∫–æ–º —É–∂–µ –¥–æ–ª–≥–æ –¥–µ—Ä–∂–∞—Ç —Ä–µ–∞–ª—å–Ω–æ.

‚Ä¢–ù–∞ 245 –±—ã–ª–∞ –ø–æ–∫—É–ø–∫–∞, —Ñ–æ–Ω–¥—ã –¥–∞–≤–Ω–æ –∑–∞—à–ª–∏, –±–ª–æ–≥–µ—Ä—ã –ª–∞–ø—à—É –ø—É—Å—Ç—å —Å–µ–±–µ –Ω–∞ —É—à–∏ –≤–µ—à–∞—é—Ç.

–Ø –¥–µ—Ä–∂—É, –∏ –Ω–æ–≤—ã–µ –ª—é–¥–∏ –±—É–¥—É—Ç –∑–∞—Ö–æ–¥–∏—Ç—å, —Ç–∞–∫ –∫–∞–∫ —Ç—É—Ç –±—É–¥—É—Ç –¥–∏–≤—ã –æ–±–µ—â–∞–ª–∏.

–Ø –¥—É–º–∞—é –ø–ª–∞–Ω–∫–∞ –±—É–¥–µ—Ç —Ä–∞–Ω–æ –∏–ª–∏ –ø–æ–∑–¥–Ω–æ.

–¢–∞–∫ —á—Ç–æ —Ç–µ—Ä–ø–µ–Ω–∏–µ.


–ù–µ –∏–∏—Ä

{$EUTR}"
2024-04-13T15:28:16.564+03:00,{$EUTR} –ü–æ–Ω–∞—Å—Ç–∞–≤–∏–ª–∏ –ø–ª–∏—Ç –ø—Ä–æ–¥–∞–∂—É
2024-04-13T15:22:39.750+03:00,"{$EUTR}

–ï—â—ë –æ–¥–Ω–æ –Ω–∞–±–ª—é–¥–µ–Ω–∏–µ. –¢—É—Ç –Ω–∞ –¥–Ω–µ–≤–∫–µ –Ω–∞–±–ª—é–¥–∞–µ—Ç—Å—è –ø–∞—Ç—Ç–µ—Ä–Ω ""–î—Ä–∞–∫–æ–Ω"". –ü—Ä–∏—á—ë–º –Ω–∞–±–ª—é–¥–∞–µ—Ç—Å—è –æ–Ω –∫–∞–∫ –Ω–∞ –æ—á–µ–Ω—å –≥–ª–æ–±–∞–ª—å–Ω–æ–π –∫–∞—Ä—Ç–∏–Ω–µ, —Ç–∞–∫ –∏ –Ω–∞ –±–æ–ª–µ–µ –º–µ–ª–∫–æ–π. –¢–∞–∫–∞—è –≤–æ—Ç —Ñ—Ä–∞–∫—Ç–∞–ª—å–Ω–æ—Å—Ç—å... –¢–µ–π–∫-–ø—Ä–æ—Ñ–∏—Ç –≤ —Ç–∞–∫–æ–º —Å–ª—É—á–∞–µ —Å—Ç–∞–≤–∏—Ç—Å—è –Ω–∞ —É—Ä–æ–≤–Ω–µ –º–∞–∫—Å–∏–º—É–º–∞ –≥–æ–ª–æ–≤—ã. –ú–æ–∂–Ω–æ —Å–∫–∞–∑–∞—Ç—å, —á—Ç–æ —ç—Ç–æ –≤–∞—Ä–∏–∞—Ü–∏—è –¥–≤–æ–π–Ω–æ–≥–æ –¥–Ω–∞. 

–ù–µ –∑–Ω–∞—é, —Å—Ä–∞–±–æ—Ç–∞–µ—Ç –ª–∏. –ù–æ —ç—Ç–æ –≤ –ª—é–±–æ–º —Å–ª—É—á–∞–µ –ª—é–±–æ–ø—ã—Ç–Ω–æ."
2024-04-13T14:50:47.314+03:00,{$EUTR} –≤ –ø–æ–Ω–µ–¥–µ–ª—å–Ω–∏–∫ 200?
2024-04-13T14:23:58.710+03:00,"{$EUTR} –≤—ã–∑—ã–≤–∞—é –ª–æ–Ω—Ö –Ω–∞ –ø–æ–Ω–µ–¥–µ–ª—å–Ω–∏–∫, –¥–≤–µ—Å—Ç–∏–ø–∏—Å—è—Ç–¥–≤–∞–ø–∏—Å—è—Ç –¥–ª—è –Ω–∞—á–∞–ª–∞ ü§îü§îü§îü´∂ü´∂ü´∂"
2024-04-13T14:17:58.051+03:00,{$EUTR} –µ—Å—Ç—å —É –∫–æ–≥–æ —Å—Ä–µ–¥–Ω—è—è –≤—ã—à–µ 249.5? –ß—Ç–æ –¥—É–º–∞–µ—Ç–µ –¥–µ–ª–∞—Ç—å?
2024-04-13T14:10:08.426+03:00,"–ú–æ–∏ –∏—Ç–æ–≥–∏ –ø–æ—Å–ª–µ–¥–Ω–∏—Ö IPO

–ë—É–º –ø–µ—Ä–≤–∏—á–Ω—ã—Ö —Ä–∞–∑–º–µ—â–µ–Ω–∏–π –Ω–∞ –ú–æ—Å–±–∏—Ä–∂–µ –Ω–∞–±–∏—Ä–∞–µ—Ç –æ–±–æ—Ä–æ—Ç—ã. –û–±—ä–µ–º –ø—Ä–∏–≤–ª–µ—á–µ–Ω–Ω—ã—Ö —Å—Ä–µ–¥—Å—Ç–≤ –≤ —Ö–æ–¥–µ IPO –≤ –ø—Ä–æ—à–ª–æ–º –≥–æ–¥—É —Å–æ—Å—Ç–∞–≤–∏–ª –±–æ–ª–µ–µ 40 –º–ª—Ä–¥ —Ä—É–±–ª–µ–π. –ö–∞–∫ –≤—ã —É–∂–µ –º–æ–≥–ª–∏ –∑–∞–º–µ—Ç–∏—Ç—å, —è –æ—Å—Ç–∞—é—Å—å –≤ —Ç—Ä–µ–Ω–¥–µ –∏ –º–Ω–æ–≥–æ –≤—Ä–µ–º–µ–Ω–∏ —É–¥–µ–ª—è—é —Ä–∞–∑–±–æ—Ä–∞–º –±–∏–∑–Ω–µ—Å–æ–≤ –Ω–æ–≤–∏—á–∫–æ–≤ –Ω–∞ –±–∏—Ä–∂–µ. –°–µ–≥–æ–¥–Ω—è —Ö–æ—á—É –ø–æ–¥–≤–µ—Å—Ç–∏ –ø—Ä–æ–º–µ–∂—É—Ç–æ—á–Ω—ã–µ –∏—Ç–æ–≥–∏, –∫–æ—Ç–æ—Ä—ã—Ö —É–¥–∞–ª–æ—Å—å –¥–æ–±–∏—Ç—å—Å—è —Å –ø–æ–¥–ø–∏—Å—á–∏–∫–∞–º–∏ –º–æ–µ–≥–æ –∑–∞–∫—Ä—ã—Ç–æ–≥–æ –∫–∞–Ω–∞–ª–∞ –≤ –ü—É–ª—å—Å @Vladimir_Litvinov_Plus

–ò—Ç–∞–∫, –Ω–∞—á–Ω—É –ø–æ–∂–∞–ª—É–π —Å –ê—Å—Ç—Ä—ã {$ASTR}, –∫–æ—Ç–æ—Ä–∞—è –≤ —Ö–æ–¥–µ –ø–µ—Ä–≤–æ–≥–æ –¥–Ω—è —Ç–æ—Ä–≥–æ–≤ —É–º—É–¥—Ä–∏–ª–∞—Å—å —Å–¥–µ–ª–∞—Ç—å –Ω–µ—Å–∫–æ–ª—å–∫–æ –ø–ª–∞–Ω–æ–∫ –∏ –≤—ã—Ä–∞—Å—Ç–∏ –Ω–∞ 90%. –° –ø–æ–¥–ø–∏—Å—á–∏–∫–∞–º–∏ –∑–∞—Ñ–∏–∫—Å–∏—Ä–æ–≤–∞–ª–∏ –±–æ–ª–µ–µ 60% –ø—Ä–æ—Ñ–∏—Ç–∞, –ø—Ä–∞–≤–¥–∞ —É—á–∏—Ç—ã–≤–∞—è –Ω–∏–∑–∫—É—é –∞–ª–ª–æ–∫–∞—Ü–∏—é —Å—É–º–º–∞ –æ–∫–∞–∑–∞–ª–∞—Å—å –Ω–µ–±–æ–ª—å—à–æ–π. –ö–æ—Ç–∏—Ä–æ–≤–∫–∏ –Ω–∞ —Ç–µ–∫—É—â–∏–π –º–æ–º–µ–Ω—Ç —Ç–æ—Ä–≥—É—é—Ç—Å—è –ø—Ä–∞–∫—Ç–∏—á–µ—Å–∫–∏ –≤—ã—à–µ —Ü–µ–Ω—ã —Ä–∞–∑–º–µ—â–µ–Ω–∏—è –Ω–∞ 85+%. 

–ê–Ω–∞–ª–æ–≥–∏—á–Ω—ã–π —Ç—Ä–µ–π–¥ —É–¥–∞–ª–æ—Å—å —Å–¥–µ–ª–∞—Ç—å –∏ –Ω–∞ —Ä–∞–∑–º–µ—â–µ–Ω–∏–∏ –î–∏–∞—Å–æ—Ñ—Ç–∞ {$DIAS} –ü—Ä–æ—Ñ–∏—Ç –ø–æ –∑–∞–∫—Ä—ã—Ç–æ–π –ø–æ–∑–∏—Ü–∏–∏ —Å–æ—Å—Ç–∞–≤–∏–ª 40%. –£–π–¥–µ–º –Ω–µ–¥–∞–ª–µ–∫–æ –æ—Ç IT-—Å–µ–∫—Ç–æ—Ä–∞ –∏ –æ–±—Ä–∞—Ç–∏–º—Å—è –∫ –î–µ–ª–∏–º–æ–±–∏–ª—é {$DELI} –ú–Ω–µ –∏–º–ø–æ–Ω–∏—Ä—É–µ—Ç –∫–æ–º–ø–∞–Ω–∏—è, –∫–æ—Ç–∏—Ä–æ–≤–∫–∏ –∫–æ—Ç–æ—Ä–æ–π —Ç–æ—Ä–≥—É—é—Ç—Å—è –≤—ã—à–µ —Ü–µ–Ω—ã —Ä–∞–∑–º–µ—â–µ–Ω–∏—è –Ω–∞ 30+%. –í IPO –Ω–µ —É—á–∞—Å—Ç–≤–æ–≤–∞–ª, –Ω–æ –∞–∫—Ç–∏–≤–Ω–æ —Ä–∞–∑–±–∏—Ä–∞–ª –∫–æ–º–ø–∞–Ω–∏—é –ø–µ—Ä–µ–¥ –ª–∏—Å—Ç–∏–Ω–≥–æ–º. 

–î–∞–ª–µ–µ —É –Ω–∞—Å Henderson {$HNFG} –∏ –ï–≤—Ä–æ—Ç—Ä–∞–Ω—Å {$EUTR} –ù–µ—Å–º–æ—Ç—Ä—è –Ω–∞ –º–æ—é –ª—é–±–æ–≤—å –∫ —Ñ—ç—à–Ω-—Ä–∏—Ç–µ–π–ª–µ—Ä—É, –ø–æ –ø–æ–∑–∏—Ü–∏–∏ —è –ø–æ–ª—É—á–∏–ª –µ–¥–∏–Ω—Å—Ç–≤–µ–Ω–Ω—ã–π —É–±—ã—Ç–æ–∫, –∏ —Ç–æ –∑–∞ —Å—á–µ—Ç –Ω–µ–æ–±—Ö–æ–¥–∏–º–æ–≥–æ —Ä–µ–±–∞–ª–∞–Ω—Å–∞ –ø–æ—Ä—Ç—Ñ–µ–ª—è. –°–µ–π—á–∞—Å –∞–∫—Ü–∏–∏ —Ç–æ—Ä–≥—É—é—Ç—Å—è –≤—ã—à–µ —Ü–µ–Ω—ã —Ä–∞–∑–º–µ—â–µ–Ω–∏—è –Ω–∞ 12+%. –ê –≤–æ—Ç –¥–æ –ï–≤—Ä–æ—Ç—Ä–∞–Ω—Å–∞ —è —Ç–∞–∫ –∏ –Ω–µ –¥–æ–±—Ä–∞–ª—Å—è. –ö–æ—Ç–∏—Ä–æ–≤–∫–∏ —Å–µ–π—á–∞—Å —Ç–æ—Ä–≥—É—é—Ç—Å—è –≤–±–ª–∏–∑–∏ IPO, —Ç–∞–∫ —á—Ç–æ –æ—Ç—Å—É—Ç—Å—Ç–≤–∏–µ —Ç—Ä–µ–π–¥–∞ - —Ç–æ–∂–µ —Ä–µ–∑—É–ª—å—Ç–∞—Ç. 

–î–∞–ª–µ–µ —Å—Ä–∞–∑—É –∫–æ–º–±–æ –ø–æ–ª–æ–∂–∏—Ç–µ–ª—å–Ω—ã—Ö —Å–¥–µ–ª–æ–∫. –° –ø–æ–¥–ø–∏—Å—á–∏–∫–∞–º–∏ –æ—Ç–ª–∏—á–Ω–æ –ø—Ä–æ–∫–∞—Ç–∏–ª–∏—Å—å –Ω–∞ IPO –°–æ–≤–∫–æ–º–±–∞–Ω–∫–∞ {$SVCB} –∏ –Æ–∂—É—Ä–∞–ª–∑–æ–ª–æ—Ç–æ {$UGLD} –ü—Ä–∏—á–µ–º —ç—Ç–∏ –∫–æ–º–ø–∞–Ω–∏–∏ —è –ø—Ä–æ–¥–æ–ª–∂–∞—é —É–¥–µ—Ä–∂–∏–≤–∞—Ç—å. –ù–∞–∫–æ–ø–ª–µ–Ω–Ω–æ–π –ø—Ä–∏–±—ã–ª–∏ –Ω–∞–±–µ–∂–∞–ª–æ –±–µ–∑—É–º–Ω—ã–µ 50% –∏ 90% —Å–æ–æ—Ç–≤–µ—Ç—Å—Ç–≤–µ–Ω–Ω–æ. –ù–∞ —ç—Ç–æ —É—à–ª–∏ —Å—á–∏—Ç–∞–Ω–Ω—ã–µ –º–µ—Å—è—Ü—ã. 

–ü–æ –ï–≤—Ä–æ–ø–ª–∞–Ω—É {$LEAS} —Ä–µ–∑—É–ª—å—Ç–∞—Ç—ã —Ç–æ–∂–µ —Å—á–∏—Ç–∞—é –æ—Ç–ª–∏—á–Ω—ã–º–∏. –í—Å–µ–≥–æ –∑–∞ –Ω–µ—Å–∫–æ–ª—å–∫–æ –º–∏–Ω—É—Ç —É–¥–∞–ª–æ—Å—å –∑–∞–±—Ä–∞—Ç—å 13% –ø—Ä–∏–±—ã–ª–∏ –ø–æ —Å–ø–µ–∫—É–ª—è—Ç–∏–≤–Ω–æ–π —á–∞—Å—Ç–∏ –ø–æ–∑–∏—Ü–∏–∏, –∞ –≤–æ—Ç –∏–Ω–≤–µ—Å—Ç–∏—Ü–∏–æ–Ω–Ω—É—é –ø—Ä–æ–¥–æ–ª–∂–∞—é –¥–µ—Ä–∂–∞—Ç—å –≤ –ø–ª—é—Å. –£—Å–ø–µ—à–Ω–∞—è —Ä–µ–∞–ª–∏–∑–∞—Ü–∏—è —Ñ–æ—Ä–º–∞–ª–∏–∑–æ–≤–∞–Ω–Ω—ã—Ö —Å—Ç—Ä–∞—Ç–µ–≥–∏–π, –ø–æ–∑–≤–æ–ª—è–µ—Ç –Ω–∏–≤–µ–ª–∏—Ä–æ–≤–∞—Ç—å –Ω–∏–∑–∫—É—é –∞–ª–ª–æ–∫–∞—Ü–∏—é. –¢–µ–ø–µ—Ä—å –µ—â–µ –∂–¥—É –ø—Ä–µ–¥—Å—Ç–æ—è—â–∏–µ —Ä–∞–∑–º–µ—â–µ–Ω–∏—è –ú–¢–° –ë–∞–Ω–∫–∞ –∏ –≠–ª–µ–º–µ–Ω—Ç–∞. 

‚ùóÔ∏è–ê–Ω–∞–ª–æ–≥–∏—á–Ω—ã—Ö, –∞ –ø–æ—Ä–æ–π –∏ –ª—É—á—à–∏—Ö —Ä–µ–∑—É–ª—å—Ç–∞—Ç–æ–≤, —É–¥–∞–µ—Ç—Å—è –¥–æ—Å—Ç–∏—á—å –ø–æ–¥–ø–∏—Å—á–∏–∫–∞–º @Vladimir_Litvinov_Plus –ú—ã –Ω–µ —Ç–æ–ª—å–∫–æ ¬´–ø—Ä–æ–∂–∞—Ä–∏–≤–∞–µ–º¬ª –∫–æ–º–ø–∞–Ω–∏–∏, –Ω–æ –∏ –≥–æ—Ç–æ–≤–∏–º —Å—Ç—Ä–∞—Ç–µ–≥–∏—é –ø–æ —Ä–∞–±–æ—Ç–µ –≤ –ø–µ—Ä–≤—ã–π –¥–µ–Ω—å —Ç–æ—Ä–≥–æ–≤. –≠—Ç–æ –ø–æ–∑–≤–æ–ª—è–µ—Ç –∫—Ä–∞—Ç–Ω–æ –æ—Ç–±–∏–≤–∞—Ç—å –ª—é–±—ã–µ —Ä–∞—Å—Ö–æ–¥—ã –Ω–∞ –ø–æ–¥–ø–∏—Å–∫—É –Ω–∞ –∑–∞–∫—Ä—ã—Ç—ã–π –∫–∞–Ω–∞–ª. –°—Ä–∞–∑—É –ø—Ä–∏ –ø–æ–¥–∫–ª—é—á–µ–Ω–∏–∏, –≤—ã –ø–æ–π–º–µ—Ç–µ –Ω–∞—Å–∫–æ–ª—å–∫–æ –≤—ã–≥–æ–¥–Ω–æ –∏ –ø–æ–ª–µ–∑–Ω–æ —Ä–∞–±–æ—Ç–∞—Ç—å –≤ –∫–æ–º–∞–Ω–¥–µ. 

–í—Å–µ–º —Ö–æ—Ä–æ—à–∏—Ö –≤—ã—Ö–æ–¥–Ω—ã—Ö!"
2024-04-13T14:07:45.320+03:00,"{$EUTR}

–ê —á—Ç–æ —É –Ω–∞—Å —Ç–∞–º –ø–æ –ï–≤—Ä–æ—Ç—Ä–∞–Ω—Å—É —á–∏—Å—Ç–æ —Å —Ç–æ—á–∫–∏ –∑—Ä–µ–Ω–∏—è —Ç–µ—Ö–Ω–∏–∫–∏? –î–∞–≤–∞–π—Ç–µ —É–∂ —Ä–∞–∑–≥–ª—è–¥—ã–≤–∞—Ç—å —ç—Ç—É –º–Ω–æ–≥–æ—Å—Ç—Ä–∞–¥–∞–ª—å–Ω—É—é –∏—Å—Ç–æ—Ä–∏—é. 

üëâ–¢–§ 1–ß. –°–ú. –ü–ï–†–í–´–ô –°–ö–†–ò–ù–®–û–¢. –í–∏–¥–Ω–∞ —É—Å—Ç–æ–π—á–∏–≤–∞—è –±—ã—á—å—è –¥–∏–≤–µ—Ä–≥–µ–Ω—Ü–∏—è –ø–æ A/D. –ü—Ä–∞–∫—Ç–∏–∫–∞ –ø–æ–∫–∞–∑—ã–≤–∞–µ—Ç, —á—Ç–æ —Ä–µ–∞–ª–∏–∑—É–µ—Ç—Å—è –æ–Ω–∞ –≤ —ç—Ç–æ–π –±—É–º–∞–≥–µ –≤ –≤–∏–¥–µ –∑–∞–¥—ë—Ä–≥–æ–≤ –ø–æ —É—Ç—Ä–∞–º –∏–ª–∏ –ø–æ –≤–µ—á–µ—Ä–∞–º. –í –∏–Ω–æ–π –±—É–º–∞–≥–µ —è –±—ã —ç—Ç–æ —Ç—Ä–∞–∫—Ç–æ–≤–∞–ª –∫–∞–∫ –ø—Ä–∏–∑–Ω–∞–∫ –Ω–∞–∫–æ–ø–ª–µ–Ω–∏—è –ø–æ–∑–∏—Ü–∏–π –∫—Ä—É–ø–Ω—ã–º–∏ –∏–≥—Ä–æ–∫–∞–º–∏. –ó–¥–µ—Å—å —É–∂ –∑–∞—Ç—Ä—É–¥–Ω—è—é—Å—å —Ç–∞–∫–æ–µ —Å–∫–∞–∑–∞—Ç—å. –°–∫–æ—Ä–µ–µ –Ω–∞–±–æ—Ä –ø–æ–∑–∏—Ü–∏–∏ –∫—Ä—É–ø–Ω–æ–≥–æ —Å–ø–µ–∫—É–ª—è–Ω—Ç–∞, –∫–æ—Ç–æ—Ä—ã–π —Å–æ–±—Ä–∞–ª—Å—è –≤—ã—Ö–æ–¥–∏—Ç—å –Ω–∞ –∑–∞–¥—ë—Ä–≥–µ. –ê –º–æ–∂–µ—Ç –ú–ú –ª–∏–∫–≤–∏–¥–Ω–æ—Å—Ç—å –Ω–∞–≥—Ä–µ–±–∞–µ—Ç. 

üëâ–¢–§. 1–ß. –°–ú –¢–ê–ö–ñ–ï –ü–ï–†–í–´–ô –°–ö–†–ò–ù–®–û–¢. –ê–∫—Ç–∏–≤–Ω–æ—Å—Ç—å –ø—Ä–æ–¥–∞–≤—Ü–∞ –ø–æ –ê—Ä—É–Ω—É –Ω–∞ 78,57%, –Ω–æ –∏ –ø–æ–∫—É–ø–∞—Ç–µ–ª—å —Ç—É—Ç –æ—Ç–º–µ–Ω–Ω—ã–π –µ—Å—Ç—å ‚Äî 35,71%. –í —Ü–µ–ª–æ–º —ç—Ç–æ –≥–æ–≤–æ—Ä–∏—Ç –æ–± —ç–¥–∞–∫–æ–π –±–æ—Ä—å–±–µ –±–æ–±—Ä–∞ —Å –æ—Å–ª–æ–º –∑–∞ —Ç–æ, —á—Ç–æ–±—ã –±—É–º–∞–≥–∞ –≤—Å—ë-—Ç–∞–∫–∏ –æ—Ç—Å–∫–æ—á–∏–ª–∞. –ê–∫—Ç–∏–≤–Ω–æ—Å—Ç—å –ø–æ–∫—É–ø–∞—Ç–µ–ª—è –Ω–∞ 35,71% –≤ —Ç–∞–∫–æ–π —Å–∏—Ç—É–∞—Ü–∏–∏ –¥–µ–π—Å—Ç–≤–∏—Ç–µ–ª—å–Ω–æ —Å–≤–∏–¥–µ—Ç–µ–ª—å—Å—Ç–≤—É–µ—Ç –æ –Ω–∞–±–æ—Ä–µ –ø–æ–∑–∏—Ü–∏–π.

üëâ–ù–∞ –≤—Ç–æ—Ä–æ–º —Å–∫—Ä–∏–Ω—à–æ—Ç–µ –≤–∏–¥–Ω–æ, —á—Ç–æ CCI –Ω–∞—Ö–æ–¥–∏—Ç—Å—è –≤ –∑–æ–Ω–µ –ø–µ—Ä–µ–ø—Ä–æ–¥–∞–Ω–Ω–æ—Å—Ç–∏, —Å—á–∏—Ç–∞–µ—Ç—Å—è, —á—Ç–æ —ç—Ç–æ –∫–ª–∞—Å—Å–∏—á–µ—Å–∫–∏–π —Å–∏–≥–Ω–∞–ª –Ω–∞ –ø—Ä–æ–¥–∞–∂—É. –û–¥–Ω–∞–∫–æ –≤–∏–¥–Ω–µ–µ—Ç—Å—è –Ω–µ–±–æ–ª—å—à–æ–π —Ä–∞–∑–≤–æ—Ä–æ—Ç –≤–≤–µ—Ä—Ö. –°–æ —Å–∫–µ–ø—Å–∏—Å–æ–º —Å–º–æ—Ç—Ä—é –Ω–∞ —ç—Ç–æ—Ç —Ä–∞–∑–≤–æ—Ä–æ—Ç –∫–æ–Ω–µ—á–Ω–æ. 

üëâ–ù–∞ –≤—Ç–æ—Ä–æ–º –∂–µ —Å–∫—Ä–∏–Ω—à–æ—Ç–µ –∏–Ω—Ç–µ—Ä–µ—Å–Ω–æ–µ —è–≤–ª–µ–Ω–∏–µ –º–æ–∂–Ω–æ —É–≤–∏–¥–µ—Ç—å –ø–æ –ú–æ–º–µ–Ω—Ç—É–º—É: –±—ã—á—å—è –¥–∏–≤–µ—Ä–≥–µ–Ω—Ü–∏—è, –ø—Ä–∏—á—ë–º –∫–ª–∞—Å—Å–∏—á–µ—Å–∫–∞—è. –í —Ç–æ –≤—Ä–µ–º—è –∫–∞–∫ —Ü–µ–Ω–∞ –¥–æ—Å—Ç–∏–≥–∞–µ—Ç –Ω–æ–≤—ã—Ö –º–∏–Ω–∏–º—É–º–æ–≤, –Ω–æ–≤—ã–µ –º–∏–Ω–∏–º—É–º—ã –∏–Ω–¥–∏–∫–∞—Ç–æ—Ä–∞ —Ä–∞—Å–ø–æ–ª–æ–∂–µ–Ω—ã –≤—ã—à–µ. –¢–∞–∫-—Ç–æ —ç—Ç–æ –∫–ª–∞—Å—Å–∏—á–µ—Å–∫–∏–π —Å–∏–≥–Ω–∞–ª –Ω–∞ –ø–æ–∫—É–ø–∫—É. 

üëâ–ù–∞ 3 –∏ 4 —Å–∫—Ä–∏–Ω—à–æ—Ç–∞—Ö —É—Ä–æ–≤–Ω–∏ –§–∏–±–æ–Ω–∞—á—á–∏. –ù–∞ —á–∞—Å–æ–≤–∏–∫–µ –ª–µ–≥–ª–∏ –Ω–∞ –ø–æ–¥–¥–µ—Ä–∂–∫—É 248,15 –∏ –æ—Ç—Å–∫–æ—á–∏–ª–∏, –Ω–∞ –¥–Ω–µ–≤–∫–µ –∏–¥–µ–∞–ª—å–Ω—ã–π –ø—Ä–æ–±–æ–π –≤ —Å—Ç–æ—Ä–æ–Ω—É –ø–æ–¥–¥–µ—Ä–∂–∫–∏ 238,50. @LAFurs –ø—Ä–∞–≤–∏–ª—å–Ω–æ –ø–æ–¥–º–µ—á–∞–ª–∞ –≤ –∫–æ–º–º–µ–Ω—Ç–∞—Ä–∏—è—Ö, —á—Ç–æ —Å —Ç–æ—á–∫–∏ –∑—Ä–µ–Ω–∏—è –≤–æ–ª–Ω–æ–≤–æ–π —Ç–µ–æ—Ä–∏–∏ –≠–ª–ª–∏–æ—Ç—Ç–∞ –ø–æ—Å–ª–µ–¥–Ω–∏–π –º–∏–Ω–∏–º—É–º –±—ã–ª –Ω–∞ 238,40 –≤ –º–æ–º–µ–Ω—Ç–µ, –ø–æ—ç—Ç–æ–º—É —É—á–∏—Ç—ã–≤–∞—è –∑–∏–≥–∑–∞–≥–∏ –≤–µ–∑—É—Ç –Ω–∞—Å –Ω–∞ –æ–±–Ω–æ–≤–ª–µ–Ω–∏–µ —ç—Ç–æ–π —Ç–æ—á–∫–∏ (—Å–∫–æ—Ä–µ–µ –≤—Å–µ–≥–æ –æ–ø—è—Ç—å –≤ –º–æ–º–µ–Ω—Ç–µ —Ç–æ–ª—å–∫–æ –∏ —à–∏–ø–æ–º). 

üëâ–ù–∞ —Å–∫—Ä–∏–Ω—à–æ—Ç–µ –Ω–æ–º–µ—Ä 5 –≤–∏–¥–Ω–µ–µ—Ç—Å—è –∫–ª–∞—Å—Å–∏—á–µ—Å–∫–æ–µ –º–µ–¥–≤–µ–∂—å–µ –ø–æ–≥–ª–æ—â–µ–Ω–∏–µ –Ω–∞ 4–ß –¢–§. –û—á–µ—Ä–µ–¥–Ω–æ–π —Å–∏–≥–Ω–∞–ª –¥–ª—è —Ä–æ–±–æ—Ç–æ–≤ –Ω–∞ –ø—Ä–æ–¥–∞–∂—É.

–í–´–í–û–î: –≤ –ø–æ–Ω–µ–¥–µ–ª—å–Ω–∏–∫ –¥–∏–≤–µ—Ä–≥–µ–Ω—Ü–∏–∏ –¥–æ–ª–∂–Ω—ã –æ—Ç—ã–≥—Ä–∞—Ç—å –æ—á–µ—Ä–µ–¥–Ω–æ–π —Ä–∞–∑ –≤ –≤–∏–¥–µ –∑–∞–¥—ë—Ä–≥–∞, –∞ –¥–∞–ª—å—à–µ –≤—Å—ë –ø–æ –ø–ª–∞–Ω—É —à–æ—Ä—Ç–∏—Å—Ç–∞/–º–∞–Ω–∏–ø—É–ª—è—Ç–æ—Ä–∞/–∫—É–∫–ª–∞ ‚Äî –ø–æ–µ–∑–¥–∫–∞ –Ω–∞ 238,50 —Å –≤—ã—Å–∞–¥–∫–æ–π –ø–∞—Å—Å–∞–∂–∏—Ä–æ–≤ –Ω–∞ –ª–æ—è—Ö. –î–∞–ª—å—à–µ —É–∂–µ –≤–µ—Ä–æ—è—Ç–µ–Ω –æ—Ç—Å–∫–æ–∫. –≠—Ç–æ –∫–∞–∫ —Ä–∞–∑ —Å–æ–≤–ø–∞–¥–∞–µ—Ç —Å –∏–¥–µ–µ–π –æ —Ç–æ–º, —á—Ç–æ –æ—Ñ–µ—Ä—Ç–∞ –¥–æ–ª–∂–Ω–∞ –ø—Ä–æ–π—Ç–∏ –º–∞–∫—Å–∏–º–∞–ª—å–Ω–æ –≤—è–ª–æ –∏ –Ω–µ–∏–Ω—Ç–µ—Ä–µ—Å–Ω–æ (–ø—Ä–æ–≤–∞–ª–∏—Ç—å—Å—è). –ü–æ—Ç–æ–º –±—É–¥–µ–º –Ω–∞–±–ª—é–¥–∞—Ç—å –Ω–∞–±–æ—Ä –ø–æ–∑–∏—Ü–∏–π. –ò —É–∂–µ –¥–∞–ª—å—à–µ –∫ –æ—Ç—á—ë—Ç—É –ø–æ–ª—ë—Ç –Ω–∞ –ø—Ä–µ—Å–ª–æ–≤—É—Ç—ã–µ 300. –í–µ—Ä–∏—Ç—Å—è –ø–æ–∫–∞ —á—Ç–æ —Å —Ç—Ä—É–¥–æ–º. –ù–æ —è —Ç–∞–∫ –≤–∏–∂—É."
2024-04-13T14:05:19.443+03:00,{$EUTR}
2024-04-13T13:48:58.063+03:00,"–ò—Ç–æ–≥–æ –ø–æ –Ω–µ–¥–µ–ª–∏. –ù–µ–¥–µ–ª—è –æ–∑–Ω–∞–º–µ–Ω–æ–≤–∞–ª–∞—Å—å –Ω–æ–≤—ã–º–∏ –≤–µ—Ä—à–∏–Ω–∞–º–∏ –∏–Ω–¥–µ–∫—Å–∞ –ú–æ—Å–±–∏—Ä–∂–∏. –ö–æ—Ç–æ—Ä—ã–π –≤ –º–æ–º–µ–Ω—Ç–µ –ø—Ä–µ–≤—ã—à–∞–ª 3460–ø. –°–æ–æ—Ç–≤–µ—Ç—Å—Ç–≤–µ–Ω–Ω–æ —Ä–æ—Å–ª–∏ –∏ –±–æ–ª—å—à–∏–Ω—Å—Ç–≤–æ –∞–∫—Ç–∏–≤–æ–≤.

–ì–∞–∑–ø—Ä–æ–º {$GAZP} –ø–æ –¢–ê –¥–≤–∏–≥–∞–ª—Å—è –≤ –≤–æ—Å—Ö–æ–¥—è—â–µ–º –∫–∞–Ω–∞–ª–µ, –æ–¥–Ω–∞–∫–æ –∫ –∫–æ–Ω—Ü—É –Ω–µ–¥–µ–ª–∏ —Ä–∞–∑–≤–µ—Ä–Ω—É–ª—Å—è –≤–Ω–∏–∑ –∏ –ø—Ä–æ–±–∏–ª –Ω–∏–∂–Ω—é—é –≥—Ä–∞–Ω–∏—Ü—É –≤ —Ä–∞–π–æ–Ω–µ 165—Ä. –ö—Ä–∞—Ç–∫–æ—Å—Ä–æ—á–Ω–æ –æ–∂–∏–¥–∞—é –ø—Ä–æ–¥–æ–ª–∂–µ–Ω–∏—è –∫–æ—Ä—Ä–µ–∫—Ü–∏–∏ –ø–æ—Å–ª–µ –∫–æ—Ç–æ—Ä–æ–π –≤–æ–∑–æ–±–Ω–æ–≤–ª–µ–Ω–∏–µ —Ä–æ—Å—Ç–∞ –∫ 168—Ä.

–†—É—Å–∞–ª {$RUAL} –ø—Ä–æ–¥–æ–ª–∂–∏–ª —Ä–æ—Å—Ç –≤—Å–ª–µ–¥ –∑–∞ —Ü–µ–Ω–∞–º–∏ –Ω–∞ –∞–ª—é–º–∏–Ω–∏–π –ø–æ–¥–Ω—è–≤—à–∏—Å—å –≤—ã—à–µ –º–æ–µ–π —Ü–µ–ª–∏ –≤ 42—Ä. –ü–æ–∑–∏—Ü–∏—é –∑–∞–∫—Ä—ã–ª –≤ +2%

–ï–≤—Ä–æ—Ç—Ä–∞–Ω—Å {$EUTR} –∑–∞–±—É–∫—Å–æ–≤–∞–ª —Å –≤–æ–∑–æ–±–Ω–æ–≤–ª–µ–Ω–∏–µ–º —Ä–æ—Å—Ç–∞ –≤ –Ω–∞—á–∞–ª–µ –Ω–µ–¥–µ–ª–∏, –∞ –∫ –µ—ë –∫–æ–Ω—Ü—É –∏ –≤–æ–≤—Å–µ —Ä–∞–∑–≤–µ—Ä–Ω—É–ª—Å—è –≤–Ω–∏–∑. –í —Å–≤—è–∑–∏ —Å —ç—Ç–∏–º –∑–∞–∫—Ä—ã–ª –ø–æ–∑–∏—Ü–∏—é –∑–∞–±—Ä–∞–≤ +6%. –ü–æ–≤—Ç–æ—Ä–Ω–æ –∑–∞–π–¥—É —Å —É—Ä–æ–≤–Ω—è 240—Ä.

–§–∞—Ä–º—Å–∏–Ω—Ç–µ–∑ {$LIFE} –ø—Ä–æ–¥–æ–ª–∂–∏–ª –±–æ–∫–æ–≤—É—é —Ç–æ—Ä–≥–æ–≤–ª—é. –ê –≤ —Ñ–∏—Ä–æ–∫–æ–º –¥–∏–∞–ø–∞–∑–æ–Ω–µ —Ç–æ—Ä–≥—É–µ—Ç—Å—è –≤ –∫–∞–Ω–∞–ª–µ 4.8√∑5.5—Ä. –ö—Ä–∞—Ç–∫–æ—Å—Ä–æ—á–Ω–æ –æ–∂–∏–¥–∞—é –ø—Ä–æ–¥–æ–ª–∂–µ–Ω–∏—è –±–æ–∫–æ–≤–æ–π —Ç–æ—Ä–≥–æ–≤–ª–∏.

–ù–æ–≤–∞—Ç—ç–∫ {$NVTK} –≤—ã–ø—É—Å—Ç–∏–ª –Ω–µ–ø–ª–æ—Ö–æ–π –æ—Ç—á–µ—Ç. –í—ã—Ä—É—á–∫–∞ –∏ –¥–æ–±—ã—á–∞ —É–≤–µ–ª–∏—á–∏–ª–∏—Å—å –Ω–µ —Å–º–æ—Ç—Ä—è –Ω–∞ —Å–∞–Ω–∫—Ü–∏–∏ –∏ —Ñ–∞–∫—Ç–∏—á–µ—Å–∫—É—é –∑–∞–º–æ—Ä–æ–∑–∫—É –ê—Ä–∫—Ç–∏–∫-–°–ü–ì2. –ü–æ –¢–ê –∞–∫—Ç–∏–≤ –Ω–∞ –º–µ—Å—è—á–Ω–æ–º –≥—Ä–∞—Ñ–∏–∫–µ –ø–æ—Ç–µ—Ä—è–ª —É–∂–µ –æ–∫–æ–ª–æ 25%. –ò –Ω–∞ –º–æ–π –≤–∑–≥–ª—è–¥ –Ω–µ–≥–∞—Ç–∏–≤ —É–∂–µ –æ—Ç—ã–≥—Ä–∞–Ω –≤ —Ü–µ–Ω–µ. –ö—Ä–æ–º–µ —Ç–æ–≥–æ –Ω–∞ –º–µ—Å—è—á–Ω–æ–º –≥—Ä–∞—Ñ–∏–∫–µ —Ñ–æ—Ä–º–∏—Ä—É–µ—Ç—Å—è —Ä–µ–¥–∫–∞—è —Ñ–æ—Ä–º–∞—Ü–∏—è –∏–∑ 8 –ø–æ—Å–ª–µ–¥–æ–≤–∞—Ç–µ–ª—å–Ω—ã—Ö –∫—Ä–∞—Å–Ω—ã—Ö —Å–≤–µ—á–µ–π, —á—Ç–æ –ø–æ–≤—ã—à–∞–µ—Ç –≤–µ—Ä–æ—è—Ç–Ω–æ—Å—Ç—å —Å–º–µ–Ω—ã —Ç—Ä–µ–Ω–¥–∞ –∏–ª–∏ —Ö–æ—Ä–æ—à–µ–≥–æ –æ—Ç—Å–∫–æ–∫–∞. –ù–∞–±—Ä–∞–ª –ø–æ–∑–∏—Ü–∏—é –ø–æ –∞–∫—Ç–∏–≤—É —Å —Ü–µ–ª—å—é 1400—Ä.

–≠–ª5-–≠–Ω–µ—Ä–≥–æ {$ELFV} –ø–æ –¢–ê –Ω–∞ –Ω–µ–¥–µ–ª–∏ –ø–æ–∫–∞–∑–∞–ª –æ—Ç—Å–∫–æ–∫ –Ω–∞ –¥–Ω–µ–≤–Ω–æ–º –≥—Ä–∞—Ñ–∏–∫–µ –ø–æ—Å–ª–µ –ø–∞–¥–µ–Ω–∏—è. –û–¥–Ω–∞–∫–æ —è –µ–≥–æ –ø—Ä–æ–ø—É—Å—Ç–∏–ª –∏ –∫ –∫–æ–Ω—Ü—É –Ω–µ–¥–µ–ª–∏ –∞–∫—Ç–∏–≤ –≤–µ—Ä–Ω—É–ª—Å—è –æ–±—Ä–∞—Ç–Ω–æ. –û—Ç–∫—Ä—ã–ª —Å–ø–µ–∫—É–ª—è—Ç–∏–≤–Ω—É—é –ø–æ–∑–∏—Ü–∏—é —Å —Ü–µ–ª—å—é 0.65—Ä. 

–ù–µ –ò–ò–†. –ë–µ—Ä–µ–≥–∏—Ç–µ –Ω–µ—Ä–≤—ã –∏ –¥–µ–ø–æ–∑–∏—Ç—ã. –ü–æ–º–Ω–∏—Ç–µ —Ä—ã–Ω–æ–∫ —Ü–∏–∫–ª–∏—á–µ–Ω."
2024-04-13T13:36:18.713+03:00,"{$EUTR} üî• Zeekr –∑–∞—Ö–≤–∞—Ç–∏–ª —Ä—ã–Ω–æ–∫ —ç–ª–µ–∫—Ç—Ä–æ–º–æ–±–∏–ª–µ–π –≤ –†–æ—Å—Å–∏–∏

–†–æ—Å—Ç —Ä—ã–Ω–∫–∞ —ç–ª–µ–∫—Ç—Ä–æ–º–æ–±–∏–ª–µ–π –≤ –†–æ—Å—Å–∏–∏ –∑–∞ –ø–µ—Ä–≤—ã–π –∫–≤–∞—Ä—Ç–∞–ª —Ç–µ–∫—É—â–µ–≥–æ –≥–æ–¥–∞ –Ω–∞ 272% –ø—Ä–µ–≤—ã—Å–∏–ª –ø—Ä–æ—à–ª–æ–≥–æ–¥–Ω–∏–π —Ä–µ–∑—É–ª—å—Ç–∞—Ç. –í –∞–±—Å–æ–ª—é—Ç–Ω–æ–º –≤—ã—Ä–∞–∂–µ–Ω–∏–∏ –ø–æ–∫–∞–∑–∞—Ç–µ–ª–∏ –≤–æ–∑—Ä–æ—Å–ª–∏ —Å 1679 –¥–æ 6137 –µ–¥. –∞–≤—Ç–æ —Å–æ–æ—Ç–≤–µ—Ç—Å—Ç–≤–µ–Ω–Ω–æ

–í —Å—Ç—Ä—É–∫—Ç—É—Ä–µ –ø—Ä–æ–¥–∞–∂ –Ω–∞ —Ä—ã–Ω–∫–µ –Ω–æ–≤—ã—Ö —ç–ª–µ–∫—Ç—Ä–æ–º–æ–±–∏–ª–µ–π –≤ –º–∞—Ä–µ –¥–æ–º–∏–Ω–∏—Ä—É–µ—Ç –º–∞—Ä–∫–∞ Zeekr: –∏–∑ –æ–±—â–µ–≥–æ –æ–±—ä–µ–º–∞ —Ä–µ–∞–ª–∏–∑–∞—Ü–∏–∏ –Ω–∞ –Ω–µ–µ –ø—Ä–∏—à–ª–æ—Å—å 1245 –º–∞—à–∏–Ω. –û—Å–Ω–æ–≤–Ω—É—é —á–∞—Å—Ç—å –ø—Ä–æ–¥–∞–∂ –±—Ä–µ–Ω–¥–∞ —Å–æ—Å—Ç–∞–≤–∏–ª–∏ —ç–ª–µ–∫—Ç—Ä–æ–º–æ–±–∏–ª–∏ Zeekr001 ‚Äî 798 –µ–¥., –∞ —Ç–∞–∫–∂–µ Zeekr X (277 –∞–≤—Ç–æ). –ü—Ä–∏–º–µ—á–∞—Ç–µ–ª—å–Ω–æ, —á—Ç–æ –º–∞—Ä–∫–∞ ¬´–ú–æ—Å–∫–≤–∏—á¬ª –≤ –º–∞—Ä—Ç–æ–≤—Å–∫–æ–π —Å—Ç–∞—Ç–∏—Å—Ç–∏–∫–µ —Ä—ã–Ω–∫–∞ —ç–ª–µ–∫—Ç—Ä–æ–º–æ–±–∏–ª–µ–π –∑–∞–Ω—è–ª–∞ —Ç–æ–ª—å–∫–æ 10-–µ –º–µ—Å—Ç–æ. –û–¥–Ω–∞–∫–æ –¥—Ä—É–≥–æ–π —Ä–æ—Å—Å–∏–π—Å–∫–∏–π –±—Ä–µ–Ω–¥, Evolute, –≤–æ—à–µ–ª –≤ —Ç–æ–ø-5 —Å–µ–≥–º–µ–Ω—Ç–∞, –≤ –æ—Å–Ω–æ–≤–Ω–æ–º –±–ª–∞–≥–æ–¥–∞—Ä—è —Ä–æ—Å—Ç—É –ø—Ä–æ–¥–∞–∂ –º–æ–¥–µ–ª–∏ Evolute I-Pro (–≤—Å–µ–≥–æ —Ä–µ–∞–ª–∏–∑–æ–≤–∞–Ω–æ 117 –µ–¥.)"
2024-04-13T12:06:44.369+03:00,{$EUTR} üòÅ
2024-04-13T11:53:14.001+03:00,"{$EUTR}
–ú–ú —Ç—Ä–∏, –¥–≤–∞, —Ä–∞–∑"
2024-04-13T11:45:23.671+03:00,{$EUTR} –æ—Ç–∫—Ä—ã–ª–∏ —Ç–æ—Ä–≥–∏
2024-04-13T11:37:46.045+03:00,{$EUTR} –ö—Ç–æ —Å–∫–∞–∂–µ—Ç –ø–æ—á–µ–º—É —Ç–æ—Ä–≥–∏ –Ω–µ –∏–¥—É—Ç?
2024-04-13T11:15:47.133+03:00,{$EUTR}
2024-04-13T11:12:01.395+03:00,"–ó–∞—Ö–æ–¥–∏—Ç–µ –≤ –ø—Ä–æ—Ñ–∏–ª—å –ø–æ–¥–ø–∏—Å—ã–≤–∞–π—Ç–µ—Å—å ü•ù ü•ù ü•ù 
–ù–∞ —Å–ª–µ–¥—É—é—â–µ–π –Ω–µ–¥–µ–ª–µ –Ω–∞—Å –æ–∂–∏–¥–∞—é—Ç #–∫–æ—Ä–ø–æ—Ä–∞—Ç–∏–≤–Ω—ã–µ_—Å–æ–±—ã—Ç–∏—è :

15.04.2024 - –ü–û–ù–ï–î–ï–õ–¨–ù–ò–ö
 {$AKRN} : –ê–∫—Ä–æ–Ω, —Ä–µ–∫–æ–º–µ–Ω–¥–∞—Ü–∏—è –ø–æ –¥–∏–≤–∏–¥–µ–Ω–¥–∞–º

16.04.2024 - –í–¢–û–†–ù–ò–ö
{$FIVE} : X5 Retail, –æ–ø–µ—Ä–∞—Ü–∏–æ–Ω–Ω—ã–µ —Ä–µ–∑—É–ª—å—Ç–∞—Ç—ã –∑–∞ 1–∫–≤ 2024 –≥–æ–¥–∞

17.04.2024 - –°–†–ï–î–ê
 {$LSRG} : –ì—Ä—É–ø–ø–∞ –õ–°–†, –í–û–°–ê –ø–æ –¥–∏–≤–∏–¥–µ–Ω–¥–∞–º –∑–∞ 2023–≥ (100—Ä—É–±/–∞–∫—Ü–∏—è)
 {$LIFE} : –§–∞—Ä–º—Å–∏–Ω—Ç–µ–∑, –í–û–°–ê –ø–æ –≤–æ–ø—Ä–æ—Å—É –¥–æ–ø—ç–º–∏—Å—Å–∏–∏ –ø—É—Ç–µ–º –æ—Ç–∫—Ä—ã—Ç–æ–π –ø–æ–¥–ø–∏—Å–∫–∏
 {$PMSB} : –ü–µ—Ä–º—ç–Ω–µ—Ä–≥–æ—Å–±—ã—Ç, –†–∞—Å–ø—Ä–µ–¥–µ–ª–µ–Ω–∏–µ –ø—Ä–∏–±—ã–ª–∏, –≤—ã–ø–ª–∞—Ç–∞ –¥–∏–≤–∏–¥–µ–Ω–¥–æ–≤ –∑–∞ 2023 –≥–æ–¥
 {$EUTR} : ¬´–ï–≤—Ä–æ–¢—Ä–∞–Ω—Å¬ª –æ—Ç–∫—Ä—ã–ª –ø–µ—Ä–≤–æ–µ –æ–∫–Ω–æ –∞–∫—Ü–µ–ø—Ç–∞ –≤–Ω–µ–±–∏—Ä–∂–µ–≤–æ–π –æ—Ñ–µ—Ä—Ç—ã. –ü–æ—Å–ª–µ–¥–Ω–∏–π –¥–µ–Ω—å –∞–∫—Ü–µ–ø—Ç–∞ 17 –∞–ø—Ä–µ–ª—è.

18.04.2024 - –ß–ï–¢–í–ï–†–ì
 $POS I: –ì—Ä—É–ø–ø–∞ –ü–æ–∑–∏—Ç–∏–≤, –ø–æ—Å–ª–µ–¥–Ω–∏–π –¥–µ–Ω—å —Å –¥–∏–≤–∏–¥–µ–Ω–¥–æ–º (47,3 —Ä—É–±/–∞–∫—Ü–∏—è)
 {$TGKN} : –¢–ì–ö-14 , –≤–æ–ø—Ä–æ—Å –¥–∏–≤–∏–¥–µ–Ω–¥–æ–≤ –∑–∞ 2023 –≥–æ–¥¬† 
 {$TRMK} : –¢–ú–ö, –≤–æ–ø—Ä–æ—Å –¥–∏–≤–∏–¥–µ–Ω–¥–æ–≤ –∑–∞ 2023 –≥–æ–¥
 {$MGKL} : –ú–æ—Å–≥–æ—Ä–ª–æ–º–±–∞—Ä–¥, –≤–æ–ø—Ä–æ—Å –¥–∏–≤–∏–¥–µ–Ω–¥–æ–≤ –∑–∞ 2023 –≥–æ–¥

19.04.2024 - –ü–Ø–¢–ù–ò–¶–ê
 {$GCHE} : –ì—Ä—É–ø–ø–∞ –ß–µ—Ä–∫–∏–∑–æ–≤–æ, –ø–æ—Å–ª–µ–¥–Ω–∏–π –¥–µ–Ω—å –≤—ã–ø–ª–∞—Ç—ã –¥–∏–≤–∏–¥–µ–Ω–¥–æ–≤ –∑–∞ 2023 –≥ (205 ‚ÇΩ/–∞–∫—Ü–∏—è) ."
2024-04-13T11:03:59.631+03:00,{$EUTR} –∂—É–ª–∏–∫–∏ üòÅ
2024-04-13T10:51:46.989+03:00,"{$EUTR} —Å–µ–π—á–∞—Å –ø–æ –∞–∫—Ü–∏—è–º –ø—Ä–æ–±–µ–∂–∞–ª—Å—è –∏ —Ç–∞–∫–æ–µ —á—É–≤—Å—Ç–≤–æ –±—É–¥—Ç–æ –ª—é–¥–∏ –≤ –∫–æ–∏-—Ç–æ –≤–µ–∫–∏ —Å–∞–º–∏ –¥—Ä—É–≥ —Å –¥—Ä—É–≥–æ–º —Ç–æ—Ä–≥–æ–≤–∞–ª–∏ –±–µ–∑ –∞–≤—Ç–æ–º–∞—Ç–∏–∫–∏ –∏ –ú–ú–∞, —á—Ç–æ—Ç–æ –Ω–µ –≤–∫–ª—é—á–∏–ª–æ—Å—å –∏ —Ç–æ—Ä–≥–∏ –æ—Å—Ç–∞–Ω–æ–≤–∏–ª–∏üòÇ"
2024-04-13T10:42:14.788+03:00,"üìà –í–Ω–∏–º–∞–Ω–∏–µ, –∏–Ω–≤–µ—Å—Ç–æ—Ä—ã –∏ —Ñ–∏–Ω–∞–Ω—Å–æ–≤—ã–µ —ç–Ω—Ç—É–∑–∏–∞—Å—Ç—ã! –ù–∞ —Å–ª–µ–¥—É—é—â–µ–π –Ω–µ–¥–µ–ª–µ –Ω–∞—Å –æ–∂–∏–¥–∞–µ—Ç –Ω–∞—Å—ã—â–µ–Ω–Ω–∞—è –∞–≥–µ–Ω–¥–∞ –∫–ª—é—á–µ–≤—ã—Ö —Å–æ–±—ã—Ç–∏–π –Ω–∞ —Ä—ã–Ω–∫–µ –∞–∫—Ü–∏–π. –í–æ—Ç —á—Ç–æ –≤–∞—Å –∂–¥–µ—Ç:

üóì –ü–û–ù–ï–î–ï–õ–¨–ù–ò–ö, 15.04.2024:
üí∞ {$AKRN}: –ö–æ–º–ø–∞–Ω–∏—è –ê–∫—Ä–æ–Ω –æ–±—ä—è–≤–∏—Ç —Å–≤–æ–∏ —Ä–µ–∫–æ–º–µ–Ω–¥–∞—Ü–∏–∏ –ø–æ –¥–∏–≤–∏–¥–µ–Ω–¥–∞–º. –î–µ—Ä–∂–∏—Ç–µ —Ä—É–∫—É –Ω–∞ –ø—É–ª—å—Å–µ!

üóì –í–¢–û–†–ù–ò–ö, 16.04.2024:
ü§ê {$FIVE}: X5 Retail Group –ø—Ä–µ–¥—Å—Ç–∞–≤–∏—Ç –æ–ø–µ—Ä–∞—Ü–∏–æ–Ω–Ω—ã–µ —Ä–µ–∑—É–ª—å—Ç–∞—Ç—ã –∑–∞ –ø–µ—Ä–≤—ã–π –∫–≤–∞—Ä—Ç–∞–ª 2024 –≥–æ–¥–∞. –û–±—è–∑–∞—Ç–µ–ª—å–Ω–æ —Å—Ç–æ–∏—Ç –æ–±—Ä–∞—Ç–∏—Ç—å –≤–Ω–∏–º–∞–Ω–∏–µ!

üóì –°–†–ï–î–ê, 17.04.2024:
üòÑ {$LSRG}: –ì—Ä—É–ø–ø–∞ –õ–°–† –∞–Ω–æ–Ω—Å–∏—Ä—É–µ—Ç –í–û–°–ê –ø–æ –¥–∏–≤–∏–¥–µ–Ω–¥–∞–º –∑–∞ 2023 –≥–æ–¥ –Ω–∞ —É—Ä–æ–≤–Ω–µ 100 —Ä—É–±–ª–µ–π –Ω–∞ –∞–∫—Ü–∏—é.
üòè {$LIFE}: –§–∞—Ä–º—Å–∏–Ω—Ç–µ–∑ –ø—Ä–æ–≤–µ–¥–µ—Ç –í–û–°–ê –ø–æ –≤–æ–ø—Ä–æ—Å—É –¥–æ–ø—ç–º–∏—Å—Å–∏–∏ –∞–∫—Ü–∏–π.
üß© {$PMSB}: –ü–µ—Ä–º—ç–Ω–µ—Ä–≥–æ—Å–±—ã—Ç –æ–±—Å—É–¥–∏—Ç —Ä–∞—Å–ø—Ä–µ–¥–µ–ª–µ–Ω–∏–µ –ø—Ä–∏–±—ã–ª–∏ –∏ –≤—ã–ø–ª–∞—Ç—É –¥–∏–≤–∏–¥–µ–Ω–¥–æ–≤ –∑–∞ 2023 –≥–æ–¥.
‚ò∫Ô∏è {$EUTR}: ¬´–ï–≤—Ä–æ–¢—Ä–∞–Ω—Å¬ª –æ—Ç–∫—Ä—ã–ª –ø–µ—Ä–≤–æ–µ –æ–∫–Ω–æ –∞–∫—Ü–µ–ø—Ç–∞ –≤–Ω–µ–±–∏—Ä–∂–µ–≤–æ–π –æ—Ñ–µ—Ä—Ç—ã, –ø—Ä–∏ —ç—Ç–æ–º –ø–æ—Å–ª–µ–¥–Ω–∏–π –¥–µ–Ω—å –∞–∫—Ü–µ–ø—Ç–∞ ‚Äì 17 –∞–ø—Ä–µ–ª—è.

üóì –ß–ï–¢–í–ï–†–ì, 18.04.2024:
üöÇ $POS I: –ì—Ä—É–ø–ø–∞ –ü–æ–∑–∏—Ç–∏–≤ –æ–±—ä—è–≤–∏—Ç –ø–æ—Å–ª–µ–¥–Ω–∏–π –¥–µ–Ω—å —Å –¥–∏–≤–∏–¥–µ–Ω–¥–æ–º –≤ —Ä–∞–∑–º–µ—Ä–µ 47,3 —Ä—É–±–ª–µ–π –Ω–∞ –∞–∫—Ü–∏—é.
üí® {$TGKN}: –¢–ì–ö-14 —Ä–∞—Å—Å–º–æ—Ç—Ä–∏—Ç –≤–æ–ø—Ä–æ—Å –¥–∏–≤–∏–¥–µ–Ω–¥–æ–≤ –∑–∞ 2023 –≥–æ–¥.
üî® {$TRMK}: –¢–ú–ö —Ç–∞–∫–∂–µ –æ–±—Å—É–¥–∏—Ç –≤–æ–ø—Ä–æ—Å –¥–∏–≤–∏–¥–µ–Ω–¥–æ–≤ –∑–∞ 2023 –≥–æ–¥.
ü´§ {$MGKL}: –ú–æ—Å–≥–æ—Ä–ª–æ–º–±–∞—Ä–¥ –ø–æ–¥–Ω–∏–º–µ—Ç –≤–æ–ø—Ä–æ—Å –¥–∏–≤–∏–¥–µ–Ω–¥–æ–≤ –∑–∞ 2023 –≥–æ–¥.

üóì –ü–Ø–¢–ù–ò–¶–ê, 19.04.2024:
üòè {$GCHE}: –ì—Ä—É–ø–ø–∞ –ß–µ—Ä–∫–∏–∑–æ–≤–æ –ø—Ä–æ–≤–µ–¥–µ—Ç –ø–æ—Å–ª–µ–¥–Ω–∏–π –¥–µ–Ω—å –≤—ã–ø–ª–∞—Ç—ã –¥–∏–≤–∏–¥–µ–Ω–¥–æ–≤ –∑–∞ 2023 –≥–æ–¥ –≤ —Ä–∞–∑–º–µ—Ä–µ 205 —Ä—É–±–ª–µ–π –Ω–∞ –∞–∫—Ü–∏—é.

–≠—Ç–∞ –Ω–µ–¥–µ–ª—è –æ–±–µ—â–∞–µ—Ç –±—ã—Ç—å –≥–æ—Ä—è—á–µ–π –¥–ª—è –≤—Å–µ—Ö, –∫—Ç–æ –∏–Ω—Ç–µ—Ä–µ—Å—É–µ—Ç—Å—è –∏–Ω–≤–µ—Å—Ç–∏—Ü–∏—è–º–∏ –∏ —Ñ–∏–Ω–∞–Ω—Å–æ–≤—ã–º —Ä—ã–Ω–∫–æ–º. –ù–µ —É–ø—É—Å—Ç–∏—Ç–µ –≤–æ–∑–º–æ–∂–Ω–æ—Å—Ç—å –æ–±–Ω–æ–≤–∏—Ç—å —Å–≤–æ–π –∏–Ω–≤–µ—Å—Ç–∏—Ü–∏–æ–Ω–Ω—ã–π –ø–æ—Ä—Ç—Ñ–µ–ª—å –∏–ª–∏ —Å–¥–µ–ª–∞—Ç—å —Å—Ç—Ä–∞—Ç–µ–≥–∏—á–µ—Å–∫–∏–µ —à–∞–≥–∏, –æ—Å–Ω–æ–≤—ã–≤–∞—è—Å—å –Ω–∞ –ø–æ—Å–ª–µ–¥–Ω–∏—Ö –Ω–æ–≤–æ—Å—Ç—è—Ö –∏ –∞–Ω–∞–ª–∏—Ç–∏–∫–µ! 

#–∏–Ω–≤–µ—Å—Ç–∏—Ü–∏–∏ #—Ñ–∏–Ω–∞–Ω—Å—ã #–¥–∏–≤–∏–¥–µ–Ω–¥—ã #—Ä—ã–Ω–æ–∫–∞–∫—Ü–∏–π #—Ñ–∏–Ω–∞–Ω—Å–æ–≤–∞—è–Ω–µ–¥–µ–ª—è"
2024-04-13T10:41:19.751+03:00,{$EUTR} –≥–¥–µ —Ç–æ—Ä–≥–∏ –Ω–∞—Ñ–∏–≥?
2024-04-13T10:40:50.958+03:00,{$EUTR} –¥—è–¥—è –û–ª–µ–≥ –±—ã –≤–∞—Å –≤–∏–µ–± –∑–∞ —Ç–∞–∫–æ–µ
2024-04-13T10:40:34.382+03:00,"–°–ª–µ–¥. –ù–µ–¥–µ–ª—è. –°–æ–±—ã—Ç–∏—è.

15.04.2024 - –ü–û–ù–ï–î–ï–õ–¨–ù–ò–ö
üí∞ {$AKRN} : –ê–∫—Ä–æ–Ω, —Ä–µ–∫–æ–º–µ–Ω–¥–∞—Ü–∏—è –ø–æ –¥–∏–≤–∏–¥–µ–Ω–¥–∞–º

16.04.2024 - –í–¢–û–†–ù–ò–ö
ü§ê {$FIVE} : X5 Retail, –æ–ø–µ—Ä–∞—Ü–∏–æ–Ω–Ω—ã–µ —Ä–µ–∑—É–ª—å—Ç–∞—Ç—ã –∑–∞ 1–∫–≤ 2024 –≥–æ–¥–∞

17.04.2024 - –°–†–ï–î–ê
üòÑ {$LSRG} : –ì—Ä—É–ø–ø–∞ –õ–°–†, –í–û–°–ê –ø–æ –¥–∏–≤–∏–¥–µ–Ω–¥–∞–º –∑–∞ 2023–≥ (100—Ä—É–±/–∞–∫—Ü–∏—è)
üòè {$LIFE} : –§–∞—Ä–º—Å–∏–Ω—Ç–µ–∑, –í–û–°–ê –ø–æ –≤–æ–ø—Ä–æ—Å—É –¥–æ–ø—ç–º–∏—Å—Å–∏–∏ –ø—É—Ç–µ–º –æ—Ç–∫—Ä—ã—Ç–æ–π –ø–æ–¥–ø–∏—Å–∫–∏
üß© {$PMSB} : –ü–µ—Ä–º—ç–Ω–µ—Ä–≥–æ—Å–±—ã—Ç, –†–∞—Å–ø—Ä–µ–¥–µ–ª–µ–Ω–∏–µ –ø—Ä–∏–±—ã–ª–∏, –≤—ã–ø–ª–∞—Ç–∞ –¥–∏–≤–∏–¥–µ–Ω–¥–æ–≤ –∑–∞ 2023 –≥–æ–¥
‚ò∫Ô∏è {$EUTR} : ¬´–ï–≤—Ä–æ–¢—Ä–∞–Ω—Å¬ª –æ—Ç–∫—Ä—ã–ª –ø–µ—Ä–≤–æ–µ –æ–∫–Ω–æ –∞–∫—Ü–µ–ø—Ç–∞ –≤–Ω–µ–±–∏—Ä–∂–µ–≤–æ–π –æ—Ñ–µ—Ä—Ç—ã. –ü–æ—Å–ª–µ–¥–Ω–∏–π –¥–µ–Ω—å –∞–∫—Ü–µ–ø—Ç–∞ 17 –∞–ø—Ä–µ–ª—è.

18.04.2024 - –ß–ï–¢–í–ï–†–ì
üöÇ $POS I: –ì—Ä—É–ø–ø–∞ –ü–æ–∑–∏—Ç–∏–≤, –ø–æ—Å–ª–µ–¥–Ω–∏–π –¥–µ–Ω—å —Å –¥–∏–≤–∏–¥–µ–Ω–¥–æ–º (47,3 —Ä—É–±/–∞–∫—Ü–∏—è)
üí® {$TGKN} : –¢–ì–ö-14 , –≤–æ–ø—Ä–æ—Å –¥–∏–≤–∏–¥–µ–Ω–¥–æ–≤ –∑–∞ 2023 –≥–æ–¥  
üî® {$TRMK} : –¢–ú–ö, –≤–æ–ø—Ä–æ—Å –¥–∏–≤–∏–¥–µ–Ω–¥–æ–≤ –∑–∞ 2023 –≥–æ–¥
ü´§ {$MGKL} : –ú–æ—Å–≥–æ—Ä–ª–æ–º–±–∞—Ä–¥, –≤–æ–ø—Ä–æ—Å –¥–∏–≤–∏–¥–µ–Ω–¥–æ–≤ –∑–∞ 2023 –≥–æ–¥

19.04.2024 - –ü–Ø–¢–ù–ò–¶–ê
üòè {$GCHE} : –ì—Ä—É–ø–ø–∞ –ß–µ—Ä–∫–∏–∑–æ–≤–æ, –ø–æ—Å–ª–µ–¥–Ω–∏–π –¥–µ–Ω—å –≤—ã–ø–ª–∞—Ç—ã –¥–∏–≤–∏–¥–µ–Ω–¥–æ–≤ –∑–∞ 2023 –≥ (205 ‚ÇΩ/–∞–∫—Ü–∏—è) .

–ü–æ–∂–∞–ª—É–π—Å—Ç–∞!"
2024-04-13T10:39:28.502+03:00,{$EUTR} –û–ø—è—Ç—å –∑–∞–∫—Ä—ã–ª–∏—Å—å —Ç–æ—Ä–≥–∏. –°—Ç—Ä–∞–Ω–Ω–æ.
2024-04-13T10:39:00.351+03:00,{$EUTR} –æ–ø—è—Ç—å –ø–æ–ª–æ–º–∫–∞)
2024-04-13T10:33:44.943+03:00,{$EUTR} –¢–∏–Ω—ë–∫ —É –≤–∞—Å —Å–≤–µ—á–∫–∏ —Å–ª–æ–º–∞–ª–∏—Å—å üò†
2024-04-13T10:27:10.088+03:00,{$EUTR} –†–∞–∑–±—É–¥–∏–ª –ú–ú! –¢–ï–ü–ï–†–¨ –ü–û–õ–ï–¢–ò–ú –í–ü–†–ê–í–ûüöÄüöÄüöÄü§ëü§ëü§ëüíØüíØüíØ
2024-04-13T10:24:35.554+03:00,"{$EUTR} –Ω—É –≤–æ—Ç –∫–∞–∫ –∏ –æ–±–µ—â–∞–ª, —Ç–æ—Ä–≥—É–π—Ç–µ –Ω–∞ –∑–¥–æ—Ä–æ–≤—å–µ üòÅ"
2024-04-13T10:21:15.728+03:00,"{$EUTR} –ü–æ—á–µ–º—É –Ω–µ —Ç–æ—Ä–≥—É–µ—Ç—Å—è, –≤–æ–ø—Ä–æ—Å –∫ –ø–æ–¥–¥–µ—Ä–∂–∫–µ –¢–∏–Ω—å–∫–æ—Ñ—Ñ"
2024-04-13T10:21:12.407+03:00,"{$EUTR} –¥–∞ —ç—Ç–æ –ø–æ–ª–Ω—ã–π –∫—Ä–∏–º–∏–Ω–∞–ª, –æ–Ω–∏ –¥–∞–∂–µ —Ç–æ—Ä–≥–∏ –Ω–∞ –≤—ã—Ö–æ–¥–Ω—ã—Ö –∑–∞–∫—Ä—ã–ª–∏ —ç—Ç–æ–π —Å–∞–ª—Ñ–µ—Ç–∫–æ–π üßêü§®"
2024-04-13T10:17:30.060+03:00,{$EUTR} –∫–æ—Ä–æ—á–µ —è –∏—Ö —Ä–∞–∑***–∞–ª —Å–µ–π—á–∞—Å –≤—Å—ë –ø–æ—Ä–µ—à–∞—é—Çü§£ü§£ü§£
2024-04-13T10:15:12.466+03:00,"{$EUTR} –ö—Ç–æ, —á—Ç–æ –¥—É–º–∞–µ—Ç –ø–æ –ø–æ–≤–æ–¥—É –ø–æ–Ω–µ–¥–µ–ª—å–Ω–∏–∫–∞, –ø–æ–ª–µ—Ç–∏–º –≤–≤–µ—Ä—Ö –∏–ª–∏ –ø–æ–≥—Ä—É–∂–µ–Ω–∏–µ –∫ 39?"
2024-04-13T10:12:13.204+03:00,{$EUTR} –º–æ–∂–µ—Ç –Ω–∞ –Ω–∏—Ö –∑–∞—è–≤–ª–µ–Ω–∏–µ –Ω–∞–ø–∏—Å–∞—Ç—å? –ò–ª–∏ –∫–æ–ª–ª–µ–∫—Ç–∏–≤–Ω—É—é –∂–∞–ª–æ–±—É?
2024-04-13T10:08:10.091+03:00,{$EUTR} –ø–æ—á–µ–º—É —Å–µ–π—á–∞—Å —Ç–æ—Ä–≥–∏ –Ω–µ –æ—Ç–∫—Ä—ã—Ç—ã?
2024-04-13T10:07:28.494+03:00,{$EUTR} –ï–≤—Ä–æ—Ç—Ä–∞–Ω—Å –≤—Ä–æ–¥–µ —Ç–æ—Ä–≥—É–µ—Ç—Å—è –Ω–∞ –≤–Ω–µ–±–∏—Ä–∂–µ –≤ –≤—ã—Ö–æ–¥–Ω—ã–µ –¥–Ω–∏?
2024-04-13T10:06:18.173+03:00,{$EUTR} –£—Ä–∞ —Å–µ–≥–æ–¥–Ω—è –æ—Ç–¥—ã—Ö–∞–µ–º
2024-04-13T10:05:59.250+03:00,{$EUTR} —á–µ–≥–æ –Ω–µ –æ—Ç–∫—Ä—ã–≤–∞–µ—Ç—Å—è?
2024-04-13T10:04:42.018+03:00,{$EUTR} –∫–æ–Ω—Å—å–µ—Ä–∂–∫–∞ –ø—Ä–æ—Å–ø–∞–ª–∞)))
2024-04-13T10:03:28.670+03:00,{$EUTR} –∑–∞–±—ã–ª–∏ –æ—Ç–∫—Ä—ã—Ç—å —Ç–æ—Ä–≥–∏
2024-04-13T10:03:14.659+03:00,{$EUTR} –ò –∑–¥–µ—Å—å –Ω–∞–µ‚Ä¶ –ì–¥–µ —Ç–æ—Ä–≥–∏ —Ç–æ!?
2024-04-13T10:02:25.568+03:00,{$EUTR} —É –≤—Å–µ—Ö –Ω–∞–ø–∏—Å–∞–Ω–æ –±–∏—Ä–∂–∞ –∑–∞–∫—Ä—ã—Ç–∞ –∏–ª–∏ —É –º–µ–Ω—è –≥–ª—é–∫
2024-04-13T08:24:51.607+03:00,"{$EUTR} –¶–µ–Ω—ã –Ω–∞ –±–µ–Ω–∑–∏–Ω –∏ –¥–∏–∑–µ–ª—å –≤ –†–æ—Å—Å–∏–∏ –≤—ã—Ä–∞—Å—Ç—É—Ç –Ω–∞ 7-10%,¬†‚Äî –°–ú–ò.–ü—Ä–∏—á–∏–Ω–∞ ‚Äî —Å–µ–∑–æ–Ω–Ω—ã–π —Ö–∞—Ä–∞–∫—Ç–µ—Ä —Å–ø—Ä–æ—Å–∞ –Ω–∞¬†–¥–∏–∑–µ–ª—å–Ω–æ–µ —Ç–æ–ø–ª–∏–≤–æ –∏¬†–≤–æ–∑–º–æ–∂–Ω–æ–µ –≤–ª–∏—è–Ω–∏–µ –∞—Ç–∞–∫ –±–µ—Å–ø–∏–ª–æ—Ç–Ω–∏–∫–æ–≤ –Ω–∞¬†–æ–±—ä–µ–∫—Ç—ã –Ω–µ—Ñ—Ç—è–Ω–æ–π –æ—Ç—Ä–∞—Å–ª–∏"
2024-04-13T01:27:57.800+03:00,"–ò—Ç–æ–≥–∏ —Ç–æ—Ä–≥–æ–≤ üá∑üá∫
–ü–æ–∫—É–ø–∞—Ç–µ–ª–∏ –æ–±—Ä–µ—Ç–∞—é—Ç —É–≤–µ—Ä–µ–Ω–Ω–æ—Å—Ç—å

üëç –õ–∏–¥–µ—Ä—ã: 
 {$UGLD} –Æ–ì–ö (+5,73%), 
 {$PLZL} –ü–æ–ª—é—Å (+3,8%), 
 #–†–ë–ö (+3,37%), 
 {$RTKMP} –†–æ—Å—Ç–µ–ª–µ–∫–æ–º-–∞–ø (+3,32%).

üëé –ê—É—Ç—Å–∞–π–¥–µ—Ä—ã: 
 {$RKKE} –≠–Ω–µ—Ä–≥–∏—è (-5,3%), 
 {$VSMO} –í–°–ú–ü–û-–ê–í–ò–°–ú–ê (-2,8%), 
 {$EUTR} –ï–≤—Ä–æ–¢—Ä–∞–Ω—Å (-2,66%).

{$IMOEXF} –†–æ—Å—Å–∏–π—Å–∫–∏–π —Ä—ã–Ω–æ–∫ –∞–∫—Ü–∏–π –æ—Ç–∫—Ä—ã–ª—Å—è –≤–≤–µ—Ä—Ö –Ω–∞ –ø–æ–∑–∏—Ç–∏–≤–Ω–æ–º –≤–Ω–µ—à–Ω–µ–º —Ñ–æ–Ω–µ, –ø–æ—Å–ª–µ —á–µ–≥–æ –ø—Ä–æ–¥–æ–ª–∂–∞–ª —É–º–µ—Ä–µ–Ω–Ω–æ –ø–æ–≤—ã—à–∞—Ç—å—Å—è, –ø–µ—Ä–∏–æ–¥–∏—á–µ—Å–∫–∏ –æ–±–Ω–æ–≤–ª—è—è –º–∞–∫—Å–∏–º—É–º—ã —Å —Ñ–µ–≤—Ä–∞–ª—è 2022 –≥. –í–æ—Å—Ö–æ–¥—è—â–∞—è –¥–∏–Ω–∞–º–∏–∫–∞ –∏–Ω–¥–µ–∫—Å–∞ –ú–æ—Å–ë–∏—Ä–∂–∏ –±—ã–ª–∞ –Ω–µ—É—Å—Ç–æ–π—á–∏–≤–æ–π, –æ–Ω –∏—Å–ø—ã—Ç–∞–ª –Ω–µ—Å–∫–æ–ª—å–∫–æ –∑–∞–º–µ—Ç–Ω—ã—Ö –∫–æ—Ä—Ä–µ–∫—Ü–∏–æ–Ω–Ω—ã—Ö –æ—Ç–∫–∞—Ç–æ–≤ –æ—Ç –¥–æ—Å—Ç–∏–≥–Ω—É—Ç—ã—Ö –≤–µ—Ä—à–∏–Ω, –Ω–æ —Å—É–º–µ–ª –∑–∞–∫—Ä—ã—Ç—å—Å—è –Ω–µ–¥–∞–ª–µ–∫–æ –æ—Ç –Ω–∏—Ö –≤ –Ω–µ–ø–ª–æ—Ö–æ–º –ø–ª—é—Å–µ.

–ü—Ä–µ–ø—è—Ç—Å—Ç–≤–∏–µ–º –¥–ª—è –±–æ–ª–µ–µ —É–≤–µ—Ä–µ–Ω–Ω–æ–≥–æ —Ä–æ—Å—Ç–∞ –Ω–∞—à–µ–≥–æ —Ä—ã–Ω–∫–∞ –≤—ã—Å—Ç—É–ø–∞–ª–∞ –æ—á–µ—Ä–µ–¥–Ω–∞—è —Ä–µ—à–∏—Ç–µ–ª—å–Ω–∞—è –ø–æ–ø—ã—Ç–∫–∞ —É–∫—Ä–µ–ø–ª–µ–Ω–∏—è —Ä—É–±–ª—è –ø–æ—Å–ª–µ —Ç–æ–≥–æ, –∫–∞–∫ –Ω–∞ —É—Ç—Ä–µ–Ω–Ω–µ–π —Å–µ—Å—Å–∏–∏ –µ–≥–æ –∫—É—Ä—Å –∏—Å–ø—ã—Ç–∞–ª –∑–∞–º–µ—Ç–Ω–æ–µ —Å–Ω–∏–∂–µ–Ω–∏–µ. –ü—Ä–∞–≤–¥–∞, –∏—Ç–æ–≥–æ–≤—ã–π –ø–ª—é—Å —Ä–æ—Å—Å–∏–π—Å–∫–æ–π –≤–∞–ª—é—Ç—ã –±—ã–ª –Ω–µ–±–æ–ª—å—à–∏–º.

–î–æ–ø–æ–ª–Ω–∏—Ç–µ–ª—å–Ω—ã–º —Ñ–∞–∫—Ç–æ—Ä–æ–º, –æ—Å–ª–∞–±–ª—è—é—â–∏–º –ø–æ–∫—É–ø–∫–∏ –∞–∫—Ü–∏–π, –º–æ–≥–ª–∞ –≤—ã—Å—Ç—É–ø–∞—Ç—å —Ç—Ä–∞–¥–∏—Ü–∏–æ–Ω–Ω–∞—è –¥–ª—è –ø—è—Ç–Ω–∏—Ü—ã –æ—Å—Ç–æ—Ä–æ–∂–Ω–æ—Å—Ç—å –∏–Ω–≤–µ—Å—Ç–æ—Ä–æ–≤ –∏–∑-–∑–∞ –æ–ø–∞—Å–µ–Ω–∏–π —Ä–µ–∞–ª–∏–∑–∞—Ü–∏–∏ –∫–∞–∫–∏—Ö-–ª–∏–±–æ —Ä–∏—Å–∫–æ–≤ –Ω–∞ –≤—ã—Ö–æ–¥–Ω—ã—Ö. –ï—Å–ª–∏ —ç—Ç–æ–≥–æ –Ω–µ –ø—Ä–æ–∏–∑–æ–π–¥–µ—Ç, –∞ –≤ –ø–æ–Ω–µ–¥–µ–ª—å–Ω–∏–∫ –∫–ª—é—á–µ–≤—ã–µ –≤–Ω–µ—à–Ω–∏–µ –∏ –≤–Ω—É—Ç—Ä–µ–Ω–Ω–∏–µ —É—Å–ª–æ–≤–∏—è –±—É–¥—É—Ç —Ö–æ—Ç—è –±—ã –Ω–µ–π—Ç—Ä–∞–ª—å–Ω—ã–º–∏, —Å–∫–æ—Ä–µ–µ –≤—Å–µ–≥–æ, –∏–Ω–¥–µ–∫—Å –ú–æ—Å–ë–∏—Ä–∂–∏ –ø—Ä–æ–¥–æ–ª–∂–∏—Ç –ø–æ–¥—ä–µ–º —Å –±–ª–∏–∂–∞–π—à–µ–π —Ü–µ–ª—å—é –≤ —Ä–∞–π–æ–Ω–µ –ø—Å–∏—Ö–æ–ª–æ–≥–∏—á–µ—Å–∫–∏ –≤–∞–∂–Ω–æ–≥–æ —É—Ä–æ–≤–Ω—è 3500 –ø.

–û–±—ä–µ–º —Ç–æ—Ä–≥–æ–≤ (74,4 –º–ª—Ä–¥ —Ä—É–±.) –Ω–µ–º–Ω–æ–≥–æ —É–≤–µ–ª–∏—á–∏–ª—Å—è, —á—Ç–æ –Ω–µ —Å–≤–æ–π—Å—Ç–≤–µ–Ω–Ω–æ –ø—è—Ç–Ω–∏—Ü–µ. –° –¥—Ä—É–≥–æ–π —Å—Ç–æ—Ä–æ–Ω—ã, –≤ –ø—Ä–µ–¥—ã–¥—É—â–∏–µ –¥–≤–µ —Å–µ—Å—Å–∏–∏ –ø–æ–∫–∞–∑–∞—Ç–µ–ª—å —Å–æ–∫—Ä–∞—â–∞–ª—Å—è –∏ —É–∂–µ –±—ã–ª –¥–∞–ª–µ–∫ –æ—Ç –≤—ã—Å–æ–∫–∏—Ö —É—Ä–æ–≤–Ω–µ–π. –¢–µ–º –Ω–µ –º–µ–Ω–µ–µ —Å–∏–≥–Ω–∞–ª –æ—Ç —Ç–æ—Ä–≥–æ–≤—ã—Ö –æ–±–æ—Ä–æ—Ç–æ–≤ —É–º–µ—Ä–µ–Ω–Ω–æ –ø–æ–∑–∏—Ç–∏–≤–Ω—ã–π, –ø–æ—Å–∫–æ–ª—å–∫—É —Ä–æ—Å—Ç –∏–Ω–¥–µ–∫—Å–∞ –ú–æ—Å–ë–∏—Ä–∂–∏ —Å –æ–±–Ω–æ–≤–ª–µ–Ω–∏–µ–º –º–Ω–æ–≥–æ–º–µ—Å—è—á–Ω—ã—Ö –≤–µ—Ä—à–∏–Ω —Å–æ–ø—Ä–æ–≤–æ–∂–¥–∞–µ—Ç—Å—è –Ω–µ–∫–æ—Ç–æ—Ä—ã–º —É—Å–∏–ª–µ–Ω–∏–µ–º –∞–∫—Ç–∏–≤–Ω–æ—Å—Ç–∏ –∏–Ω–≤–µ—Å—Ç–æ—Ä–æ–≤.

–ê–∫—Ü–∏–∏ –∑–æ–ª–æ—Ç–æ–¥–æ–±—ã—Ç—á–∏–∫–æ–≤ —É—Å–∫–æ—Ä–∏–ª–∏ —Ä–æ—Å—Ç –∏ –ø–æ–∫–∞–∑–∞–ª–∏ —Å–µ–≥–æ–¥–Ω—è —Ä–µ–∑—É–ª—å—Ç–∞—Ç —Å—É—â–µ—Å—Ç–≤–µ–Ω–Ω–æ –ª—É—á—à–µ —Ä—ã–Ω–∫–∞ –≤–æ –≥–ª–∞–≤–µ —Å –±—É–º–∞–≥–∞–º–∏ {$UGLD} –Æ–ì–ö. –£—Å–∏–ª–µ–Ω–∏—é –≤–æ—Å—Ö–æ–¥—è—â–µ–π –¥–∏–Ω–∞–º–∏–∫–∏ —Å–µ–∫—Ç–æ—Ä–∞ —Å–ø–æ—Å–æ–±—Å—Ç–≤–æ–≤–∞–ª–æ —Ä–µ–∑–∫–æ–µ –ø–æ–¥–æ—Ä–æ–∂–∞–Ω–∏–µ –∑–æ–ª–æ—Ç–∞, –∫–æ—Ç–æ—Ä–æ–µ –≤ –º–æ–º–µ–Ω—Ç–µ –ø—Ä–∏–±–∞–≤–ª—è–ª–æ –±–æ–ª–µ–µ 3%, –≤ –æ—á–µ—Ä–µ–¥–Ω–æ–π —Ä–∞–∑ –æ–±–Ω–æ–≤–∏–≤ –∏—Å—Ç–æ—Ä–∏—á–µ—Å–∫–∏–π –º–∞–∫—Å–∏–º—É–º. –ü—Ä–∞–≤–¥–∞, –∫ –Ω–∞—à–µ–º—É –∑–∞–∫—Ä—ã—Ç–∏—é –ø–æ—á—Ç–∏ –≤–µ—Å—å –¥–Ω–µ–≤–Ω–æ–π –ø–ª—é—Å –±—ã–ª –ø–æ—Ç–µ—Ä—è–Ω, –∑–∞—Ç–µ–º —Å—Ç–æ–∏–º–æ—Å—Ç—å –¥—Ä–∞–≥–æ—Ü–µ–Ω–Ω–æ–≥–æ –º–µ—Ç–∞–ª–ª–∞ –∏ –≤–æ–≤—Å–µ —É—à–ª–∞ –≤ –º–∏–Ω—É—Å.

–ë—É–º–∞–≥–∏ {$GMKN} –ù–æ—Ä–Ω–∏–∫–µ–ª—è –≤–µ—Ä–Ω—É–ª–∏—Å—å –∫ —É–º–µ—Ä–µ–Ω–Ω–æ–º—É –ø–æ–¥—ä–µ–º—É –ø–æ—Å–ª–µ –¥–≤—É—Ö–¥–Ω–µ–≤–Ω–æ–π –∫–æ—Ä—Ä–µ–∫—Ü–∏–∏. –°—Ç–æ–∏–º–æ—Å—Ç—å –Ω–∏–∫–µ–ª—è –∏ –ø–∞–ª–ª–∞–¥–∏—è –æ—Å—Ç–∞–µ—Ç—Å—è –Ω–∞ –æ—Ç–Ω–æ—Å–∏—Ç–µ–ª—å–Ω–æ –≤—ã—Å–æ–∫–æ–º —É—Ä–æ–≤–Ω–µ, —Ö–æ—Ç—è –∏ –Ω–∞–±–ª—é–¥–∞—é—Ç—Å—è —Ä–µ—à–∏—Ç–µ–ª—å–Ω—ã–µ –∫–æ—Ä—Ä–µ–∫—Ü–∏–æ–Ω–Ω—ã–µ –ø–æ–ø—ã—Ç–∫–∏. –í —Ü–µ–ª–æ–º –ø–æ–∑–∏—Ç–∏–≤–Ω–æ–µ –≤–ª–∏—è–Ω–∏–µ –æ–∫–∞–∑—ã–≤–∞–µ—Ç –∏ –Ω–µ–¥–∞–≤–Ω–æ –ø—Ä–æ–≤–µ–¥–µ–Ω–Ω—ã–π –∫–æ–º–ø–∞–Ω–∏–µ–π —Å–ø–ª–∏—Ç ‚Äî —Ç–µ–ø–µ—Ä—å –∏–Ω–≤–µ—Å—Ç–æ—Ä–∞–º —Å –º–µ–Ω—å—à–∏–º –∫–∞–ø–∏—Ç–∞–ª–æ–º –±—É–¥–µ—Ç –∫–æ–º—Ñ–æ—Ä—Ç–Ω–µ–µ –≤–∫–ª–∞–¥—ã–≤–∞—Ç—å—Å—è –≤ –±—É–º–∞–≥–∏ –ù–æ—Ä–Ω–∏–∫–µ–ª—è. –í–∏–¥–∏–º –∏ —Å–ø–µ–∫—É–ª—è—Ç–∏–≤–Ω—É—é —Å–æ—Å—Ç–∞–≤–ª—è—é—â—É—é –≤ –∏—Ö —Ä–æ—Å—Ç–µ. –ë–ª–∏–∂–∞–π—à–∞—è —Ü–µ–ª—å –ø–æ–∫—É–ø–∞—Ç–µ–ª–µ–π ‚Äî 166 —Ä—É–±. –ì–æ–¥–æ–≤–æ–π —Ç–∞—Ä–≥–µ—Ç –∞–Ω–∞–ª–∏—Ç–∏–∫–æ–≤ –ë–ö–° ‚Äî 180 —Ä—É–±.

–ê–∫—Ü–∏–∏ {$SFIN} –≠—Å–≠—Ñ–ê–π –ø–æ—Å–ª–µ —à–µ—Å—Ç–∏ —Å–µ—Å—Å–∏–π —Å–Ω–∏–∂–µ–Ω–∏—è —Å–∏–ª—å–Ω–æ –æ—Ç—Å–∫–æ—á–∏–ª–∏ –æ—Ç –Ω–æ–≤–æ–≥–æ –º–µ—Å—è—á–Ω–æ–≥–æ –º–∏–Ω–∏–º—É–º–∞. –ü—Ä–∞–≤–¥–∞, –∫ –∑–∞–∫—Ä—ã—Ç–∏—é –±–æ–ª–µ–µ –ø–æ–ª–æ–≤–∏–Ω—ã –±–æ–ª—å—à–æ–≥–æ –¥–Ω–µ–≤–Ω–æ–≥–æ –ø–ª—é—Å–∞ –±—ã–ª–æ –ø–æ—Ç–µ—Ä—è–Ω–æ. –° –∫–æ–Ω—Ü–∞ 2023 –≥. –±—É–º–∞–≥–∏ –ø–æ–¥–æ—Ä–æ–∂–∞–ª–∏ –±–æ–ª–µ–µ —á–µ–º –≤ —á–µ—Ç—ã—Ä–µ —Ä–∞–∑–∞ –≤ –æ–∂–∏–¥–∞–Ω–∏–∏ IPO –¥–æ—á–µ—Ä–Ω–µ–π –∫–æ–º–ø–∞–Ω–∏–∏ –ï–≤—Ä–æ–ø–ª–∞–Ω, —Å–æ—Å—Ç–æ—è–≤—à–µ–≥–æ—Å—è –≤ –∫–æ–Ω—Ü–µ –º–∞—Ä—Ç–∞, –∞ —Ç–∞–∫–∂–µ –ø–æ–≥–∞—à–µ–Ω–∏—è 55% –∞–∫—Ü–∏–π –≠—Å–≠—Ñ–ê–π, –∫–æ—Ç–æ—Ä–æ–µ –æ–¥–æ–±—Ä–∏–ª–∏ –Ω–∞ –ø—Ä–æ—à–ª–æ–π –Ω–µ–¥–µ–ª–µ –∞–∫—Ü–∏–æ–Ω–µ—Ä—ã. –ü–æ —Ñ–∞–∫—Ç—É —ç—Ç–∏—Ö —Å–æ–±—ã—Ç–∏–π –º–Ω–æ–≥–∏–µ –∏–Ω–≤–µ—Å—Ç–æ—Ä—ã —Ä–µ—à–∏–ª–∏ –∑–∞—Ñ–∏–∫—Å–∏—Ä–æ–≤–∞—Ç—å –±–æ–ª—å—à—É—é –∏ –æ—Ç–Ω–æ—Å–∏—Ç–µ–ª—å–Ω–æ –±—ã—Å—Ç—Ä—É—é –ø—Ä–∏–±—ã–ª—å –æ—Ç —É–¥–µ—Ä–∂–∞–Ω–∏—è –±—É–º–∞–≥ –∫–æ–º–ø–∞–Ω–∏–∏.

{$USDRUB} –†—É–±–ª—å –≤ –Ω–∞—á–∞–ª–µ —Ç–æ—Ä–≥–æ–≤ –∞–∫—Ç–∏–≤–Ω–æ –¥–µ—à–µ–≤–µ–ª, –Ω–æ –ø–æ—Å–ª–µ —Å—Ç–∞—Ä—Ç–∞ –æ—Å–Ω–æ–≤–Ω–æ–π —Å–µ—Å—Å–∏–∏ –±—ã—Å—Ç—Ä–æ –≤–æ—Å—Å—Ç–∞–Ω–æ–≤–∏–ª—Å—è. –ü—Ä–∞–≤–¥–∞, —Ä–∞–∑–≤–∏—Ç—å –≤–æ—Å—Ö–æ–¥—è—â–µ–µ –¥–≤–∏–∂–µ–Ω–∏–µ –Ω–µ —É–¥–∞–ª–æ—Å—å: —Ä—É–±–ª—å —É–º–µ—Ä–µ–Ω–Ω–æ —Å–¥–∞–ª –ø–æ–∑–∏—Ü–∏–∏ –∏ –∑–∞–∫—Ä—ã–ª—Å—è –≤ –Ω–µ–±–æ–ª—å—à–æ–º –ø–ª—é—Å–µ –∫ –±–∏–≤–∞–ª—é—Ç–Ω–æ–π –∫–æ—Ä–∑–∏–Ω–µ.

–ü–æ–¥–¥–µ—Ä–∂–∫—É —Ä—É–±–ª—é —É–∂–µ –º–æ–∂–µ—Ç –ø–æ—Å—Ç–µ–ø–µ–Ω–Ω–æ –æ–∫–∞–∑—ã–≤–∞—Ç—å —Ñ–∞–∫—Ç–æ—Ä –Ω–∞–ª–æ–≥–æ–≤–æ–≥–æ –ø–µ—Ä–∏–æ–¥–∞. –û—á–µ—Ä–µ–¥–Ω–æ–π –ø–∏–∫ —Ñ–∏—Å–∫–∞–ª—å–Ω—ã—Ö –ø–ª–∞—Ç–µ–∂–µ–π –ø—Ä–∏—Ö–æ–¥–∏—Ç—Å—è –Ω–∞ 25 –∞–ø—Ä–µ–ª—è, –∏ –¥–ª—è —ç—Ç–∏—Ö —Ü–µ–ª–µ–π –≤—Å–µ –±–æ–ª—å—à–µ –∫–æ–º–ø–∞–Ω–∏–π –º–æ–∂–µ—Ç –ø—Ä–æ–¥–∞–≤–∞—Ç—å –∏–Ω–æ—Å—Ç—Ä–∞–Ω–Ω—É—é –≤–∞–ª—é—Ç—É. –í —Ä–µ–∑—É–ª—å—Ç–∞—Ç–µ –µ–µ –ø—Ä–µ–¥–ª–æ–∂–µ–Ω–∏–µ –Ω–∞ —Ä—ã–Ω–∫–µ —É–≤–µ–ª–∏—á–∏—Ç—Å—è, —á—Ç–æ –±—É–¥–µ—Ç —Å–ø–æ—Å–æ–±—Å—Ç–≤–æ–≤–∞—Ç—å —É–∫—Ä–µ–ø–ª–µ–Ω–∏—é —Ä—É–±–ª—è –∏–ª–∏ –∑–∞—â–∏—Ç–∏—Ç –µ–≥–æ –æ—Ç –±—ã—Å—Ç—Ä–æ–≥–æ –æ—Å–ª–∞–±–ª–µ–Ω–∏—è, –µ—Å–ª–∏ —Å–ø—Ä–æ—Å –Ω–∞ –≤–∞–ª—é—Ç—É —Ç–∞–∫–∂–µ —É—Å–∏–ª–∏—Ç—Å—è.
üí° –ë–ö–°

üéÅ–¢–∏–Ω—å–∫–æ—Ñ—Ñ –ü—Ä–µ–º–∏—É–º –ë–ï–°–ü–õ–ê–¢–ù–ûüëâüëâüëâ https://www.tinkoff.ru/baf/2sAG2S4QnYY"
2024-04-13T00:41:58.937+03:00,"–ö–∞–∫–∞—è –∏–∑ —Ä–∞–∫–µ—Ç üöÄ –±—É–¥–µ—Ç –ª–µ—Ç–µ—Ç—å –í—ã—à–µ ? –ê –∫–∞–∫–æ–π —Å—É–∂–¥–µ–Ω–æ —É–ø–∞—Å—Ç—å? –í—ã –≤—Å–µ –∑–Ω–∞–µ—Ç–µ, —á—Ç–æ —è –ø—Ä–æ—Ñ–µ—Å—Å–∏–æ–Ω–∞–ª—å–Ω–æ –ø—Ä–æ–≤–æ–∂—É –∫–∞–∂–¥—ã–π —Ç–µ—Ö–∞–Ω–∞–ª–∏–∑LDVR –∞ –≥–ª–∞–≤–Ω–æ–µ ‚Äì —Å–≤–µ—Ä—Ö—Ç–æ—á–Ω–æ üîÆ‚ú®

–ü—Ä–µ–¥–ª–∞–≥–∞—é –í–∞–º –≤—ã–±—Ä–∞—Ç—å –≤ –∫–æ–º–º–µ–Ω—Ç–∞—Ä–∏—è—Ö, –∫–æ–≥–æ —è —Ä–∞–∑–±–µ—Ä—É –≤ —Å–ª–µ–¥—É—é—â–∏–π —Ä–∞–∑, –Ω–æ, –µ—Å—Ç—å 2 —É—Å–ª–æ–≤–∏—è üëá

–í–æ-–ø–µ—Ä–≤—ã—Ö, –≤—ã–±–∏—Ä–∞—Ç—å –º–æ–∂–Ω–æ –±—É–¥–µ—Ç —Ç–æ–ª—å–∫–æ –∏–∑ —Å–ø–∏—Å–∫–∞ –ª–∏–¥–µ—Ä–æ–≤ —Ö—É–¥—à–µ–≥–æ –¥–≤–∏–∂–µ–Ω–∏—è –∑–∞ —ç—Ç—É –Ω–µ–¥–µ–ª—é –∏–∑ 2-3 —ç—à–µ–ª–æ–Ω–∞:

üìà –≠–Ω–µ—Ä–≥–∏—è —Ä–∫–∫ -5.3% {$RKKE} 
–í—Å–º–ø–æ -3.4% {$VSMO} 
–ï–≤—Ä–æ—Ç—Ä–∞–Ω—Å -2.7% {$EUTR} 
–î–µ–ª–∏–º–æ–±–∏–ª—å -2.3% {$DELI} 
–•–µ–Ω–¥–µ—Ä—Å–æ–Ω -1.9% {$HNFG} 
–ß–º–∫ -1.8% {$CHMK}  
–†—É—Å—Å–Ω–µ—Ñ—Ç—å -1.4% {$RNFT}  
–≠—Ç–∞–ª–æ–Ω -1.3% {$ETLN} 
–ù–æ–≤–∞–±–µ–≤ -1.1% {$BELU}  
–õ—Å—Ä -1.1% {$LSRG} 
–§–∏–∫—Å–ø—Ä–∞–π—Å -0.9% {$FIXP} 
–°–æ–ª–ª–µ—Ä—Å -0.7% {$SVAV}  
–ö—É–π–±—ã—à–µ–≤ -0.6% {$KAZT} 


–í–æ-–≤—Ç–æ—Ä—ã—Ö, —Ä–∞–∑–±–æ—Ä–æ–≤ –±—É–¥–µ—Ç —Å—Ç–æ–ª—å–∫–æ, —Å–∫–æ–ª—å–∫–æ –¥–µ—Å—è—Ç–æ–∫ —Ä–∞–∫–µ—Ç üöÄ –í—ã –Ω–∞–±–µ—Ä—ë—Ç–µ –≤ —Ä–µ–∞–∫—Ü–∏—è—Ö –Ω–∞ —ç—Ç–æ–º –ø–æ—Å—Ç–µ:

–ë—É–¥–µ—Ç 10 —Ä–∞–∫–µ—Ç üöÄ ‚Äì –±—É–¥–µ—Ç –æ–¥–∏–Ω —Ä–∞–∑–±–æ—Ä.
–ë—É–¥–µ—Ç 23 —Ä–∞–∫–µ—Ç üöÄ ‚Äì –±—É–¥–µ—Ç –¥–≤–∞ —Ä–∞–∑–±–æ—Ä–∞.
–ë—É–¥–µ—Ç 130 —Ä–∞–∫–µ—Ç üöÄ ‚Äì —Ä–∞–∑–±–µ—Ä—É –≤—Å–µ 13.
–ù–µ –∑–∞–±—É–¥—å –ø–æ–¥–ø–∏—Å–∞—Ç—å—Å—è, —á—Ç–æ–±—ã –Ω–µ –ø—Ä–æ–ø—É—Å—Ç–∏—Ç—å –ø–æ—Å—Ç!

–ñ–¥—É –≤–∞—à–∏—Ö –∫–æ–º–º–µ–Ω—Ç–∞—Ä–∏–µ–≤, —Ä–∞–∑–±–æ—Ä—ã –±—É–¥—É—Ç —É –º–µ–Ω—è –≤ –ü—Ä–æ—Ñ–∏–ª–µ –∏ –Ω–∞ –Æ—Ç—É–±–µ, –ø–æ—ç—Ç–æ–º—É, –ø–æ–¥–ø–∏—Å—ã–≤–∞–π—Ç–µ—Å—å, —á—Ç–æ–±—ã –Ω–µ –ø—Ä–æ–ø—É—Å—Ç–∏—Ç—å –ø–æ—Å—Ç üòå #–¢–û–ü–Ω–µ–¥–µ–ª–∏"
2024-04-12T23:42:01.189+03:00,"–ò—Ç–æ–≥–∏ —Ç–æ—Ä–≥–æ–≤ üá∑üá∫
–ü–æ–∫—É–ø–∞—Ç–µ–ª–∏ –æ–±—Ä–µ—Ç–∞—é—Ç —É–≤–µ—Ä–µ–Ω–Ω–æ—Å—Ç—å

üëç –õ–∏–¥–µ—Ä—ã: 
‚Ä¢{$UGLD} –Æ–ì–ö (+5,73%), 
‚Ä¢{$PLZL} –ü–æ–ª—é—Å (+3,8%), 
‚Ä¢#–†–ë–ö (+3,37%), 
‚Ä¢{$RTKMP} –†–æ—Å—Ç–µ–ª–µ–∫–æ–º-–∞–ø (+3,32%).

üëé –ê—É—Ç—Å–∞–π–¥–µ—Ä—ã: 
‚Ä¢{$RKKE} –≠–Ω–µ—Ä–≥–∏—è (-5,3%), 
‚Ä¢{$VSMO} –í–°–ú–ü–û-–ê–í–ò–°–ú–ê (-2,8%), 
‚Ä¢{$EUTR} –ï–≤—Ä–æ–¢—Ä–∞–Ω—Å (-2,66%).

{$IMOEXF} –†–æ—Å—Å–∏–π—Å–∫–∏–π —Ä—ã–Ω–æ–∫ –∞–∫—Ü–∏–π –æ—Ç–∫—Ä—ã–ª—Å—è –≤–≤–µ—Ä—Ö –Ω–∞ –ø–æ–∑–∏—Ç–∏–≤–Ω–æ–º –≤–Ω–µ—à–Ω–µ–º —Ñ–æ–Ω–µ, –ø–æ—Å–ª–µ —á–µ–≥–æ –ø—Ä–æ–¥–æ–ª–∂–∞–ª —É–º–µ—Ä–µ–Ω–Ω–æ –ø–æ–≤—ã—à–∞—Ç—å—Å—è, –ø–µ—Ä–∏–æ–¥–∏—á–µ—Å–∫–∏ –æ–±–Ω–æ–≤–ª—è—è –º–∞–∫—Å–∏–º—É–º—ã —Å —Ñ–µ–≤—Ä–∞–ª—è 2022 –≥. –í–æ—Å—Ö–æ–¥—è—â–∞—è –¥–∏–Ω–∞–º–∏–∫–∞ –∏–Ω–¥–µ–∫—Å–∞ –ú–æ—Å–ë–∏—Ä–∂–∏ –±—ã–ª–∞ –Ω–µ—É—Å—Ç–æ–π—á–∏–≤–æ–π, –æ–Ω –∏—Å–ø—ã—Ç–∞–ª –Ω–µ—Å–∫–æ–ª—å–∫–æ –∑–∞–º–µ—Ç–Ω—ã—Ö –∫–æ—Ä—Ä–µ–∫—Ü–∏–æ–Ω–Ω—ã—Ö –æ—Ç–∫–∞—Ç–æ–≤ –æ—Ç –¥–æ—Å—Ç–∏–≥–Ω—É—Ç—ã—Ö –≤–µ—Ä—à–∏–Ω, –Ω–æ —Å—É–º–µ–ª –∑–∞–∫—Ä—ã—Ç—å—Å—è –Ω–µ–¥–∞–ª–µ–∫–æ –æ—Ç –Ω–∏—Ö –≤ –Ω–µ–ø–ª–æ—Ö–æ–º –ø–ª—é—Å–µ.

–ü—Ä–µ–ø—è—Ç—Å—Ç–≤–∏–µ–º –¥–ª—è –±–æ–ª–µ–µ —É–≤–µ—Ä–µ–Ω–Ω–æ–≥–æ —Ä–æ—Å—Ç–∞ –Ω–∞—à–µ–≥–æ —Ä—ã–Ω–∫–∞ –≤—ã—Å—Ç—É–ø–∞–ª–∞ –æ—á–µ—Ä–µ–¥–Ω–∞—è —Ä–µ—à–∏—Ç–µ–ª—å–Ω–∞—è –ø–æ–ø—ã—Ç–∫–∞ —É–∫—Ä–µ–ø–ª–µ–Ω–∏—è —Ä—É–±–ª—è –ø–æ—Å–ª–µ —Ç–æ–≥–æ, –∫–∞–∫ –Ω–∞ —É—Ç—Ä–µ–Ω–Ω–µ–π —Å–µ—Å—Å–∏–∏ –µ–≥–æ –∫—É—Ä—Å –∏—Å–ø—ã—Ç–∞–ª –∑–∞–º–µ—Ç–Ω–æ–µ —Å–Ω–∏–∂–µ–Ω–∏–µ. –ü—Ä–∞–≤–¥–∞, –∏—Ç–æ–≥–æ–≤—ã–π –ø–ª—é—Å —Ä–æ—Å—Å–∏–π—Å–∫–æ–π –≤–∞–ª—é—Ç—ã –±—ã–ª –Ω–µ–±–æ–ª—å—à–∏–º.

–î–æ–ø–æ–ª–Ω–∏—Ç–µ–ª—å–Ω—ã–º —Ñ–∞–∫—Ç–æ—Ä–æ–º, –æ—Å–ª–∞–±–ª—è—é—â–∏–º –ø–æ–∫—É–ø–∫–∏ –∞–∫—Ü–∏–π, –º–æ–≥–ª–∞ –≤—ã—Å—Ç—É–ø–∞—Ç—å —Ç—Ä–∞–¥–∏—Ü–∏–æ–Ω–Ω–∞—è –¥–ª—è –ø—è—Ç–Ω–∏—Ü—ã –æ—Å—Ç–æ—Ä–æ–∂–Ω–æ—Å—Ç—å –∏–Ω–≤–µ—Å—Ç–æ—Ä–æ–≤ –∏–∑-–∑–∞ –æ–ø–∞—Å–µ–Ω–∏–π —Ä–µ–∞–ª–∏–∑–∞—Ü–∏–∏ –∫–∞–∫–∏—Ö-–ª–∏–±–æ —Ä–∏—Å–∫–æ–≤ –Ω–∞ –≤—ã—Ö–æ–¥–Ω—ã—Ö. –ï—Å–ª–∏ —ç—Ç–æ–≥–æ –Ω–µ –ø—Ä–æ–∏–∑–æ–π–¥–µ—Ç, –∞ –≤ –ø–æ–Ω–µ–¥–µ–ª—å–Ω–∏–∫ –∫–ª—é—á–µ–≤—ã–µ –≤–Ω–µ—à–Ω–∏–µ –∏ –≤–Ω—É—Ç—Ä–µ–Ω–Ω–∏–µ —É—Å–ª–æ–≤–∏—è –±—É–¥—É—Ç —Ö–æ—Ç—è –±—ã –Ω–µ–π—Ç—Ä–∞–ª—å–Ω—ã–º–∏, —Å–∫–æ—Ä–µ–µ –≤—Å–µ–≥–æ, –∏–Ω–¥–µ–∫—Å –ú–æ—Å–ë–∏—Ä–∂–∏ –ø—Ä–æ–¥–æ–ª–∂–∏—Ç –ø–æ–¥—ä–µ–º —Å –±–ª–∏–∂–∞–π—à–µ–π —Ü–µ–ª—å—é –≤ —Ä–∞–π–æ–Ω–µ –ø—Å–∏—Ö–æ–ª–æ–≥–∏—á–µ—Å–∫–∏ –≤–∞–∂–Ω–æ–≥–æ —É—Ä–æ–≤–Ω—è 3500 –ø.

–û–±—ä–µ–º —Ç–æ—Ä–≥–æ–≤ (74,4 –º–ª—Ä–¥ —Ä—É–±.) –Ω–µ–º–Ω–æ–≥–æ —É–≤–µ–ª–∏—á–∏–ª—Å—è, —á—Ç–æ –Ω–µ —Å–≤–æ–π—Å—Ç–≤–µ–Ω–Ω–æ –ø—è—Ç–Ω–∏—Ü–µ. –° –¥—Ä—É–≥–æ–π —Å—Ç–æ—Ä–æ–Ω—ã, –≤ –ø—Ä–µ–¥—ã–¥—É—â–∏–µ –¥–≤–µ —Å–µ—Å—Å–∏–∏ –ø–æ–∫–∞–∑–∞—Ç–µ–ª—å —Å–æ–∫—Ä–∞—â–∞–ª—Å—è –∏ —É–∂–µ –±—ã–ª –¥–∞–ª–µ–∫ –æ—Ç –≤—ã—Å–æ–∫–∏—Ö —É—Ä–æ–≤–Ω–µ–π. –¢–µ–º –Ω–µ –º–µ–Ω–µ–µ —Å–∏–≥–Ω–∞–ª –æ—Ç —Ç–æ—Ä–≥–æ–≤—ã—Ö –æ–±–æ—Ä–æ—Ç–æ–≤ —É–º–µ—Ä–µ–Ω–Ω–æ –ø–æ–∑–∏—Ç–∏–≤–Ω—ã–π, –ø–æ—Å–∫–æ–ª—å–∫—É —Ä–æ—Å—Ç –∏–Ω–¥–µ–∫—Å–∞ –ú–æ—Å–ë–∏—Ä–∂–∏ —Å –æ–±–Ω–æ–≤–ª–µ–Ω–∏–µ–º –º–Ω–æ–≥–æ–º–µ—Å—è—á–Ω—ã—Ö –≤–µ—Ä—à–∏–Ω —Å–æ–ø—Ä–æ–≤–æ–∂–¥–∞–µ—Ç—Å—è –Ω–µ–∫–æ—Ç–æ—Ä—ã–º —É—Å–∏–ª–µ–Ω–∏–µ–º –∞–∫—Ç–∏–≤–Ω–æ—Å—Ç–∏ –∏–Ω–≤–µ—Å—Ç–æ—Ä–æ–≤.

–ê–∫—Ü–∏–∏ –∑–æ–ª–æ—Ç–æ–¥–æ–±—ã—Ç—á–∏–∫–æ–≤ —É—Å–∫–æ—Ä–∏–ª–∏ —Ä–æ—Å—Ç –∏ –ø–æ–∫–∞–∑–∞–ª–∏ —Å–µ–≥–æ–¥–Ω—è —Ä–µ–∑—É–ª—å—Ç–∞—Ç —Å—É—â–µ—Å—Ç–≤–µ–Ω–Ω–æ –ª—É—á—à–µ —Ä—ã–Ω–∫–∞ –≤–æ –≥–ª–∞–≤–µ —Å –±—É–º–∞–≥–∞–º–∏ {$UGLD} –Æ–ì–ö. –£—Å–∏–ª–µ–Ω–∏—é –≤–æ—Å—Ö–æ–¥—è—â–µ–π –¥–∏–Ω–∞–º–∏–∫–∏ —Å–µ–∫—Ç–æ—Ä–∞ —Å–ø–æ—Å–æ–±—Å—Ç–≤–æ–≤–∞–ª–æ —Ä–µ–∑–∫–æ–µ –ø–æ–¥–æ—Ä–æ–∂–∞–Ω–∏–µ –∑–æ–ª–æ—Ç–∞, –∫–æ—Ç–æ—Ä–æ–µ –≤ –º–æ–º–µ–Ω—Ç–µ –ø—Ä–∏–±–∞–≤–ª—è–ª–æ –±–æ–ª–µ–µ 3%, –≤ –æ—á–µ—Ä–µ–¥–Ω–æ–π —Ä–∞–∑ –æ–±–Ω–æ–≤–∏–≤ –∏—Å—Ç–æ—Ä–∏—á–µ—Å–∫–∏–π –º–∞–∫—Å–∏–º—É–º. –ü—Ä–∞–≤–¥–∞, –∫ –Ω–∞—à–µ–º—É –∑–∞–∫—Ä—ã—Ç–∏—é –ø–æ—á—Ç–∏ –≤–µ—Å—å –¥–Ω–µ–≤–Ω–æ–π –ø–ª—é—Å –±—ã–ª –ø–æ—Ç–µ—Ä—è–Ω, –∑–∞—Ç–µ–º —Å—Ç–æ–∏–º–æ—Å—Ç—å –¥—Ä–∞–≥–æ—Ü–µ–Ω–Ω–æ–≥–æ –º–µ—Ç–∞–ª–ª–∞ –∏ –≤–æ–≤—Å–µ —É—à–ª–∞ –≤ –º–∏–Ω—É—Å.

–ë—É–º–∞–≥–∏ {$GMKN} –ù–æ—Ä–Ω–∏–∫–µ–ª—è –≤–µ—Ä–Ω—É–ª–∏—Å—å –∫ —É–º–µ—Ä–µ–Ω–Ω–æ–º—É –ø–æ–¥—ä–µ–º—É –ø–æ—Å–ª–µ –¥–≤—É—Ö–¥–Ω–µ–≤–Ω–æ–π –∫–æ—Ä—Ä–µ–∫—Ü–∏–∏. –°—Ç–æ–∏–º–æ—Å—Ç—å –Ω–∏–∫–µ–ª—è –∏ –ø–∞–ª–ª–∞–¥–∏—è –æ—Å—Ç–∞–µ—Ç—Å—è –Ω–∞ –æ—Ç–Ω–æ—Å–∏—Ç–µ–ª—å–Ω–æ –≤—ã—Å–æ–∫–æ–º —É—Ä–æ–≤–Ω–µ, —Ö–æ—Ç—è –∏ –Ω–∞–±–ª—é–¥–∞—é—Ç—Å—è —Ä–µ—à–∏—Ç–µ–ª—å–Ω—ã–µ –∫–æ—Ä—Ä–µ–∫—Ü–∏–æ–Ω–Ω—ã–µ –ø–æ–ø—ã—Ç–∫–∏. –í —Ü–µ–ª–æ–º –ø–æ–∑–∏—Ç–∏–≤–Ω–æ–µ –≤–ª–∏—è–Ω–∏–µ –æ–∫–∞–∑—ã–≤–∞–µ—Ç –∏ –Ω–µ–¥–∞–≤–Ω–æ –ø—Ä–æ–≤–µ–¥–µ–Ω–Ω—ã–π –∫–æ–º–ø–∞–Ω–∏–µ–π —Å–ø–ª–∏—Ç ‚Äî —Ç–µ–ø–µ—Ä—å –∏–Ω–≤–µ—Å—Ç–æ—Ä–∞–º —Å –º–µ–Ω—å—à–∏–º –∫–∞–ø–∏—Ç–∞–ª–æ–º –±—É–¥–µ—Ç –∫–æ–º—Ñ–æ—Ä—Ç–Ω–µ–µ –≤–∫–ª–∞–¥—ã–≤–∞—Ç—å—Å—è –≤ –±—É–º–∞–≥–∏ –ù–æ—Ä–Ω–∏–∫–µ–ª—è. –í–∏–¥–∏–º –∏ —Å–ø–µ–∫—É–ª—è—Ç–∏–≤–Ω—É—é —Å–æ—Å—Ç–∞–≤–ª—è—é—â—É—é –≤ –∏—Ö —Ä–æ—Å—Ç–µ. –ë–ª–∏–∂–∞–π—à–∞—è —Ü–µ–ª—å –ø–æ–∫—É–ø–∞—Ç–µ–ª–µ–π ‚Äî 166 —Ä—É–±. –ì–æ–¥–æ–≤–æ–π —Ç–∞—Ä–≥–µ—Ç –∞–Ω–∞–ª–∏—Ç–∏–∫–æ–≤ –ë–ö–° ‚Äî 180 —Ä—É–±.

–ê–∫—Ü–∏–∏ {$SFIN} –≠—Å–≠—Ñ–ê–π –ø–æ—Å–ª–µ —à–µ—Å—Ç–∏ —Å–µ—Å—Å–∏–π —Å–Ω–∏–∂–µ–Ω–∏—è —Å–∏–ª—å–Ω–æ –æ—Ç—Å–∫–æ—á–∏–ª–∏ –æ—Ç –Ω–æ–≤–æ–≥–æ –º–µ—Å—è—á–Ω–æ–≥–æ –º–∏–Ω–∏–º—É–º–∞. –ü—Ä–∞–≤–¥–∞, –∫ –∑–∞–∫—Ä—ã—Ç–∏—é –±–æ–ª–µ–µ –ø–æ–ª–æ–≤–∏–Ω—ã –±–æ–ª—å—à–æ–≥–æ –¥–Ω–µ–≤–Ω–æ–≥–æ –ø–ª—é—Å–∞ –±—ã–ª–æ –ø–æ—Ç–µ—Ä—è–Ω–æ. –° –∫–æ–Ω—Ü–∞ 2023 –≥. –±—É–º–∞–≥–∏ –ø–æ–¥–æ—Ä–æ–∂–∞–ª–∏ –±–æ–ª–µ–µ —á–µ–º –≤ —á–µ—Ç—ã—Ä–µ —Ä–∞–∑–∞ –≤ –æ–∂–∏–¥–∞–Ω–∏–∏ IPO –¥–æ—á–µ—Ä–Ω–µ–π –∫–æ–º–ø–∞–Ω–∏–∏ –ï–≤—Ä–æ–ø–ª–∞–Ω, —Å–æ—Å—Ç–æ—è–≤—à–µ–≥–æ—Å—è –≤ –∫–æ–Ω—Ü–µ –º–∞—Ä—Ç–∞, –∞ —Ç–∞–∫–∂–µ –ø–æ–≥–∞—à–µ–Ω–∏—è 55% –∞–∫—Ü–∏–π –≠—Å–≠—Ñ–ê–π, –∫–æ—Ç–æ—Ä–æ–µ –æ–¥–æ–±—Ä–∏–ª–∏ –Ω–∞ –ø—Ä–æ—à–ª–æ–π –Ω–µ–¥–µ–ª–µ –∞–∫—Ü–∏–æ–Ω–µ—Ä—ã. –ü–æ —Ñ–∞–∫—Ç—É —ç—Ç–∏—Ö —Å–æ–±—ã—Ç–∏–π –º–Ω–æ–≥–∏–µ –∏–Ω–≤–µ—Å—Ç–æ—Ä—ã —Ä–µ—à–∏–ª–∏ –∑–∞—Ñ–∏–∫—Å–∏—Ä–æ–≤–∞—Ç—å –±–æ–ª—å—à—É—é –∏ –æ—Ç–Ω–æ—Å–∏—Ç–µ–ª—å–Ω–æ –±—ã—Å—Ç—Ä—É—é –ø—Ä–∏–±—ã–ª—å –æ—Ç —É–¥–µ—Ä–∂–∞–Ω–∏—è –±—É–º–∞–≥ –∫–æ–º–ø–∞–Ω–∏–∏.

{$USDRUB} –†—É–±–ª—å –≤ –Ω–∞—á–∞–ª–µ —Ç–æ—Ä–≥–æ–≤ –∞–∫—Ç–∏–≤–Ω–æ –¥–µ—à–µ–≤–µ–ª, –Ω–æ –ø–æ—Å–ª–µ —Å—Ç–∞—Ä—Ç–∞ –æ—Å–Ω–æ–≤–Ω–æ–π —Å–µ—Å—Å–∏–∏ –±—ã—Å—Ç—Ä–æ –≤–æ—Å—Å—Ç–∞–Ω–æ–≤–∏–ª—Å—è. –ü—Ä–∞–≤–¥–∞, —Ä–∞–∑–≤–∏—Ç—å –≤–æ—Å—Ö–æ–¥—è—â–µ–µ –¥–≤–∏–∂–µ–Ω–∏–µ –Ω–µ —É–¥–∞–ª–æ—Å—å: —Ä—É–±–ª—å —É–º–µ—Ä–µ–Ω–Ω–æ —Å–¥–∞–ª –ø–æ–∑–∏—Ü–∏–∏ –∏ –∑–∞–∫—Ä—ã–ª—Å—è –≤ –Ω–µ–±–æ–ª—å—à–æ–º –ø–ª—é—Å–µ –∫ –±–∏–≤–∞–ª—é—Ç–Ω–æ–π –∫–æ—Ä–∑–∏–Ω–µ.

–ü–æ–¥–¥–µ—Ä–∂–∫—É —Ä—É–±–ª—é —É–∂–µ –º–æ–∂–µ—Ç –ø–æ—Å—Ç–µ–ø–µ–Ω–Ω–æ –æ–∫–∞–∑—ã–≤–∞—Ç—å —Ñ–∞–∫—Ç–æ—Ä –Ω–∞–ª–æ–≥–æ–≤–æ–≥–æ –ø–µ—Ä–∏–æ–¥–∞. –û—á–µ—Ä–µ–¥–Ω–æ–π –ø–∏–∫ —Ñ–∏—Å–∫–∞–ª—å–Ω—ã—Ö –ø–ª–∞—Ç–µ–∂–µ–π –ø—Ä–∏—Ö–æ–¥–∏—Ç—Å—è –Ω–∞ 25 –∞–ø—Ä–µ–ª—è, –∏ –¥–ª—è —ç—Ç–∏—Ö —Ü–µ–ª–µ–π –≤—Å–µ –±–æ–ª—å—à–µ –∫–æ–º–ø–∞–Ω–∏–π –º–æ–∂–µ—Ç –ø—Ä–æ–¥–∞–≤–∞—Ç—å –∏–Ω–æ—Å—Ç—Ä–∞–Ω–Ω—É—é –≤–∞–ª—é—Ç—É. –í —Ä–µ–∑—É–ª—å—Ç–∞—Ç–µ –µ–µ –ø—Ä–µ–¥–ª–æ–∂–µ–Ω–∏–µ –Ω–∞ —Ä—ã–Ω–∫–µ —É–≤–µ–ª–∏—á–∏—Ç—Å—è, —á—Ç–æ –±—É–¥–µ—Ç —Å–ø–æ—Å–æ–±—Å—Ç–≤–æ–≤–∞—Ç—å —É–∫—Ä–µ–ø–ª–µ–Ω–∏—é —Ä—É–±–ª—è –∏–ª–∏ –∑–∞—â–∏—Ç–∏—Ç –µ–≥–æ –æ—Ç –±—ã—Å—Ç—Ä–æ–≥–æ –æ—Å–ª–∞–±–ª–µ–Ω–∏—è, –µ—Å–ª–∏ —Å–ø—Ä–æ—Å –Ω–∞ –≤–∞–ª—é—Ç—É —Ç–∞–∫–∂–µ —É—Å–∏–ª–∏—Ç—Å—è.

üí° –ë–ö–°

üéÅ–ü–†–ï–ú–ò–£–ú –æ—Ç –¢–∏–Ω—å–∫–æ—Ñ—Ñ –ë–ï–°–ü–õ–ê–¢–ù–û
–¢–∞—Ä–∏—Ñüî• www.tinkoff.ru/baf/9AazI9Yk7Cg

üéÅ –í–°–ï –ø—Ä–æ–¥—É–∫—Ç—ã –¢–∏–Ω—å–∫–æ—Ñ—Ñ —Å –±–æ–Ω—É—Å–∞–º–∏ 
–í–∞–º üëâ www.tinkoff.ru/baf/5JfiHbzmmiM

#–Ω–æ–≤–æ—Å—Ç–∏ #–ø—É–ª—å—Å #–Ω–æ–≤–∏—á–∫–∞–º #–ø—Å–≤–ø 
#–ø—Ä–æ—è–≤–∏_—Å–µ–±—è_–≤_–ø—É–ª—å—Å–µ #–∏—Ç–æ–≥–∏"
2024-04-12T23:27:08.326+03:00,"–û—á–µ—Ä–µ–¥–Ω–∞—è –Ω–µ–¥–µ–ª—è –ø–æ–¥—Ö–æ–¥–∏—Ç –∫ –∫–æ–Ω—Ü—Éüëãüèº

–ù–∞—à –∏–Ω–¥–µ–∫—Å {$IMOEXF} –ø—Ä–æ–¥–æ–ª–∂–∏–ª —Ä–æ—Å—Ç –µ—â–µ –Ω–∞ 1.5%, –¥–∞–∂–µ —á—É—Ç–æ—á–∫—É –±–æ–ª—å—à–µüî•

–í –ø–æ—Ä—Ç—Ñ–µ–ª–µ –∑–∞ –Ω–µ–¥–µ–ª—é —É –º–µ–Ω—è –≤ –ª–∏–¥–µ—Ä–∞—Ö –∞–∫—Ü–∏–∏ {$UGLD} , –∫–æ—Ç–æ—Ä—ã–µ –≤—ã—Ä–æ—Å–ª–∏ –Ω–∞ 16.3%üöÄ
–í—Ç–æ—Ä—ã–µ –ø–æ –¥–æ—Ö–æ–¥–Ω–æ—Å—Ç–∏ {$BSPB} —Å 3.5%, –∞ —Ç—Ä–µ—Ç—å–∏ {$GEMC} —Å –Ω–µ–±–æ–ª—å—à–∏–º –¥–≤–∏–∂–µ–Ω–∏–µ–º –≤ 1.5%.

–•—É–¥—à–∏–º–∏ –∑–∞ —ç—Ç–æ—Ç –ø–µ—Ä–∏–æ–¥ –æ–∫–∞–∑–∞–ª–∏—Å—å {$ASTR} —Å -6.3%, –∫–æ—Ç–æ—Ä—ã–µ –ø–æ—Å–ª–µ –±—É—Ä–Ω–æ–≥–æ —Ä–æ—Å—Ç–∞ —Ä–µ—à–∏–ª–∏ –æ—Ç–¥–æ—Ö–Ω—É—Ç—å üõå –í—Ç–æ—Ä—ã–µ –∞–Ω—Ç–∏–ª–∏–¥–µ—Ä—ã {$EUTR} —Å -4.5%, —Ç—Ä–µ—Ç—å–∏ {$SVCB} —Å -3.5%‚úäüèº

–ü–æ–∫–∞ —Ç–æ–ª—å–∫–æ #ugld –ø—Ä–µ—Ç –∫–∞–∫ –Ω–µ –≤ —Å–µ–±—è —É–∂–µ –∫–∞–∫—É—é –Ω–µ–¥–µ–ª—é –ø–æ–¥—Ä—è–¥. –°–∫–æ–ª—å–∫–æ —ç—Ç–æ –µ—â–µ –ø—Ä–æ–¥–ª–∏—Ç—Å—è –Ω–µ–ø–æ–Ω—è—Ç–Ω–æ. –î—Ä—É–≥–∏–µ —É–∂–µ –Ω–µ —Ä–∞–∑ –æ—Ç–∫–∞—Ç—ã–≤–∞–ª–∏—Å—å –∏–ª–∏ –∂–µ –∑–∞–≤–∏—Å–ª–∏ –≤ –±–æ–∫–æ–≤–∏–∫–µ, –∞ —ç—Ç–∏ –Ω–µ —Ö–æ—Ç—è—Ç –ø—Ä—è–ºü§∑üèº‚Äç‚ôÇÔ∏è –ì–ª–∞–≤–Ω–æ–µ, —á—Ç–æ–±—ã –ø–æ—Ç–æ–º –Ω–µ –±–æ–ª—å–Ω–æ –±—ã–ª–æ –ø–∞–¥–∞—Ç—å. –ö–æ–Ω–µ—á–Ω–æ —Ö–æ—á–µ—Ç—Å—è —Ä–æ—Å—Ç–∞, –Ω–æ –∫–æ–≥–¥–∞ –æ–Ω –∏–¥–µ—Ç —Ç–∞–∫–∏–º–∏ —Ç–µ–º–ø–∞–º–∏, —Å—Ç–∞–Ω–æ–≤–∏—Ç—Å—è –Ω–µ–º–Ω–æ–≥–æ –Ω–µ –ø–æ —Å–µ–±–µüòÅ

–¢–∞–∫–∂–µ –Ω–∞ —ç—Ç–æ–π –Ω–µ–¥–µ–ª–µ –≤–∞—Å, –¥–æ—Ä–æ–≥–∏–µ –¥—Ä—É–∑—å—è, —Å—Ç–∞–ª–æ –µ—â–µ –±–æ–ª—å—à–µüôåüèª –£–∂–µ 1500 –ø–æ–¥–ø–∏—Å—á–∏–∫–æ–≤! –ó–∞ —ç—Ç–æ –≤–∞–º –Ω–µ —É—Å—Ç–∞–Ω—É –≤—ã—Ä–∞–∂–∞—Ç—å –æ–≥—Ä–æ–º–Ω—É—é –±–ª–∞–≥–æ–¥–∞—Ä–Ω–æ—Å—Ç—åüôèüèª –≠—Ç–æ –¥–µ–π—Å—Ç–≤–∏—Ç–µ–ª—å–Ω–æ —Ü–µ–Ω–Ω–æ –∏ –ø—Ä–∏—è—Ç–Ω–æ!

–ù–∞–¥–µ—é—Å—å, —á—Ç–æ –≤–∞—à–∞ –Ω–µ–¥–µ–ª—è –±—ã–ª–∞ –∏–Ω—Ç–µ—Ä–µ—Å–Ω–æ–π, –Ω–∞—Å—ã—â–µ–Ω–Ω–æ–π –∏ —Å–∞–º–æ–µ –≥–ª–∞–≤–Ω–æ–µ –ø—Ä–∏–±—ã–ª—å–Ω–æ–πüí∏ 

–í—Å–µ–º —Å–ø–∞—Å–∏–±–æ üëçüèª –ñ–µ–ª–∞—é –æ—Ç–ª–∏—á–Ω–æ –ø—Ä–æ–≤–µ—Å—Ç–∏ –≤—Ä–µ–º—è –≤ –≤—ã—Ö–æ–¥–Ω—ã–µ! –ò –Ω–µ –∑–∞–±—ã–≤–∞–π—Ç–µ —É–¥–µ–ª—è—Ç—å –≤—Ä–µ–º—è —Å–≤–æ–µ–π —Å–µ–º—å–µ ‚ò∫Ô∏è

#–Ω–æ–≤–∏—á–∫–∞–º
#–ø—Ä–æ—è–≤–∏_—Å–µ–±—è_–≤_–ø—É–ª—å—Å–µ
#–ø—É–ª—å—Å_–æ—Ü–µ–Ω–∏
#–≤—ã—Ö–æ–¥–Ω—ã–µ
#–∏—Ç–æ–≥–∏"
2024-04-12T23:09:33.570+03:00,"{$EUTR} –∂–¥—ë–º 200, –ø–æ—Ç–æ–º –∑–∞–∫—É–ø –Ω–∞ –ø–æ–ª–Ω—É—é"
2024-04-12T21:55:34.751+03:00,"üçÉ –í–æ—Ç –∏ –Ω–µ–¥–µ–ª—å–∫–∞ –ø–æ–¥—Ö–æ–¥–∏—Ç –∫ –∫–æ–Ω—Ü—É, —Ä–∞—Å—Å–º–æ—Ç—Ä–∏–º –∏–Ω—Ç–µ—Ä–µ—Å–Ω—ã–µ –∞–∫—Ç–∏–≤—ã –∏–∑ —Å—Ç—Ä–∞—Ç–µ–≥–∏–∏: 

üìë –°–∏—Å—Ç–µ–º–∞: —Ç—É—Ç –ø–æ–∫–∞ —Å—Ç–æ–∏–º –Ω–∞ –º–µ—Å—Ç–µ, —è –∂–¥—É –æ—Ñ–∏—Ü–∏–∞–ª—å–Ω—ã—Ö —Å–æ–æ–±—â–µ–Ω–∏–π –æ—Ç –∫–æ–º–ø–∞–Ω–∏–∏ –æ –≤—ã—Ö–æ–¥–µ –¥–æ—á–µ–∫ –Ω–∞ ipo, —Ç–∞–º –º–æ–∂–µ—Ç –≤—ã—Å—Ç—Ä–µ–ª–∏—Ç—å {$AFKS} 

üí® –°—É—Ä–≥—É—Ç: –≤ –∫—Ä—É–ø–Ω—ã—Ö —Ç–≥ –∫–∞–Ω–∞–ª–∞—Ö –Ω–∞—á–∞–ª–∏ –≥–æ–≤–æ—Ä–∏—Ç—å –æ –Ω–µ–¥–æ–æ—Ü–µ–Ω–∫–µ –æ–±—ã—á–∫–∏, –ø—Ä–µ—Ñ—ã –æ—Å—Ç–∞–≤–∏–ª–∏ –±–µ–∑ –≤–Ω–∏–º–∞–Ω–∏—è, –æ–¥–Ω–∞–∫–æ —ç—Ç–æ –Ω–µ —Å–∏–ª—å–Ω–æ –ø–æ–≤–ª–∏—è–ª–æ –Ω–∞ —Ü–µ–Ω—É –∞–∫—Ü–∏–π –∏ –ø—Ä–µ–¥–ø–æ–ª–æ–∂–∏—Ç–µ–ª—å–Ω–æ —è –æ–∂–∏–¥–∞—é –æ—Ç–∫–∞—Ç –∫ –ø—Ä–µ–∂–Ω–µ–º —É—Ä–æ–≤–Ω—è–º —É –æ–±—ã—á–∫–∏. –°—É—Ä–≥—É—Ç —Å—Ç—Ä–µ–ª—è–µ—Ç —Ä–µ–¥–∫–æ, –Ω–æ –º–µ—Ç–∫–æ, –∫–∞–∫ —É–≤–∏–¥–∏–º –∞–Ω–æ–º–∞–ª—å–Ω—ã–µ –æ–±—ä–µ–º—ã, —Å—Ç–∞–Ω–µ—Ç –≤—Å–µ –ø–æ–Ω—è—Ç–Ω–æ. –ù—É –∞ —Ç–∞–∫–∂–µ –∏–Ω—Ç–µ—Ä–µ—Å –∫ –∫–æ–º–ø–∞–Ω–∏–∏ –ø–æ–¥–æ–≥—Ä–µ–≤–∞—é—Ç –ø—Ä–µ–¥–ø–æ–ª–æ–∂–∏—Ç–µ–ª—å–Ω–æ –±–æ–ª—å—à–∏–µ –¥–∏–≤—ã, –≤ –æ–±—ä—è–≤–ª–µ–Ω–∏–∏ –∫–æ—Ç–æ—Ä—ã—Ö —è –Ω–µ —Å–æ–º–Ω–µ–≤–∞—é—Å—å {$SNGS} {$SNGSP}

‚õΩÔ∏è –ï–≤—Ä–æ—Ç—Ä–∞–Ω—Å: –∞–∫—Ü–∏—é –∫–∏–Ω—É–ª–∏ –≤ —Å–≤–æ–±–æ–¥–Ω–æ–µ –ø–ª–∞–≤–∞–Ω–∏–µ, –ª–æ–∫–∞–ª—å–Ω–æ –ø–æ–∫—É–ø–∫–∞ –æ—Ç —É—Ä–æ–≤–Ω—è 249 –≤—ã–≥–ª—è–¥–∏—Ç –∏–Ω—Ç–µ—Ä–µ—Å–Ω–∞, –æ—Ç —ç—Ç–æ–≥–æ –∑–Ω–∞—á–µ–Ω–∏—è –º–æ–∂–Ω–æ —É–≤–∏–¥–µ—Ç—å –æ—Ç—Å–∫–æ–∫, –æ–¥–Ω–∞–∫–æ –∞–∫—Ü–∏—é –º–æ–≥—É—Ç –ø—Ä–æ–¥–æ–ª–∂–∞—Ç—å —Ç–æ–ø–∏—Ç—å –±–æ–ª—å—à–∏–º–∏ –ø–ª–∏—Ç–∞–º–∏, —Å —Ç–æ–π —Ü–µ–ª—å—é, —á—Ç–æ–±—ã —Ñ–æ–Ω–¥—ã —Å–º–æ–≥–ª–∏ –∑–∞–π—Ç–∏ –≤ –Ω–µ–µ –ø–æ –±–æ–ª–µ–µ –ø—Ä–∏–≤–ª–µ–∫–∞—Ç–µ–ª—å–Ω–æ–π —Ü–µ–Ω–µ. –°–∫–æ—Ä–æ —É –∫–æ–º–ø–∞–Ω–∏–∏ –æ—Ç—á–µ—Ç –∏ —Å–∫–æ—Ä–µ–µ –≤—Å–µ–≥–æ –±–ª–∏–∂–µ –∫ –Ω–µ–º—É —è –∑–∞—Ñ–∏–∫—Å–∏—Ä—É—é –∞–∫—Ü–∏—é –≤ —Å—Ç—Ä–∞—Ç–µ–≥–∏–∏, —É–∂–µ –∫–∞–∫–æ–π —Ä–∞–∑ —É–±–µ–∂–¥–∞—é—Å—å, —á—Ç–æ –æ—Ç –æ—Ç—á–µ—Ç–æ–≤ –∞–∫—Ü–∏–π 2-3 —ç—à–µ–ª–æ–Ω–∞ –Ω–∏—á–µ–≥–æ —Ö–æ—Ä–æ—à–µ–≥–æ –∂–¥–∞—Ç—å –Ω–µ–ª—å–∑—è {$EUTR} 

üî± –ó–æ–ª–æ—Ç–∏—à–∫–æ –ª–µ—Ç–∏—Ç –≤–≤–µ—Ä—Ö –∏ —É–∂–µ —Å–µ–≥–æ–¥–Ω—è –µ–≥–æ —Ü–µ–Ω–∞ –ø—Ä–æ–±–∏–ª–∞ 2400$, –æ–¥–Ω–∞–∫–æ –ø–æ–∑–∂–µ —Å–∫–æ—Ä—Ä–µ–∫—Ç–∏—Ä–æ–≤–∞–ª–∞—Å—å –Ω–∞ 2350. –î—Ä–∞–π–≤–µ—Ä–æ–º —Ä–æ—Å—Ç–∞ —Å—Ç–∞–ª–∏ –æ–∂–∏–¥–∞–Ω–∏—è –æ–±–æ—Å—Ç—Ä–µ–Ω–∏—è –æ–±—Å—Ç–∞–Ω–æ–≤–∫–∏ –Ω–∞ –ë–ª–∏–∂–Ω–µ–º –í–æ—Å—Ç–æ–∫–µ –≤ –±–ª–∏–∂–∞–π—à–∏–µ –¥–Ω–∏. –ü–æ—ç—Ç–æ–º—É —Å–µ–≥–æ–¥–Ω—è –ø–æ–ª–µ—Ç–µ–ª–∏ –∏ –≤—Å–µ –∑–æ–ª–æ—Ç–æ–¥–æ–±—ã–≤–∞—é—â–∏–µ –∫–æ–º–ø–∞–Ω–∏–∏, —Ç–∞–∫–∏–µ –∫–∞–∫: {$PLZL}, {$UGLD}, {$SELG} . –û—Ç–∫—Ä—ã–≤–∞—Ç—å –Ω–æ–≤—ã–µ –ø–æ–∑–∏—Ü–∏–∏ –ø–æ —Ç–∞–∫–∏–º –∫–æ–º–ø–∞–Ω–∏—è–º, —è —Å—á–∏—Ç–∞—é, —á—Ç–æ –ø–æ–∫–∞ –æ–ø–∞—Å–Ω–æ 

‚ùóÔ∏è–í –ø—Ä–æ—Ñ–∏–ª–µ —Ä–∞—Å—Å–∫–∞–∑–∞–ª –æ –¥–æ—Ö–æ–¥–Ω–æ—Å—Ç–∏ üòè

[&–§–∏–Ω–∞–Ω—Å–æ–≤–æ–µ –ü—Ä–µ–≤–æ—Å—Ö–æ–¥—Å—Ç–≤–æ](https://www.tinkoff.ru/invest/strategies/086f69f9-65a3-4df7-9a43-fe6dd04eb782)"
2024-04-12T21:50:38.742+03:00,"{$EUTR} –ø–æ–π–¥–µ—Ç –∫–æ—Ä—Ä–µ–∫—Ü–∏—è –ø–æ —Ä—ã–Ω–∫—É, –≤–∞—â–µ —Ç—Ä—É–±–∞ –±—É–¥–µ—Ç, –º–Ω–µ –¥–∞–∂–µ —Å—Ç—Ä–∞—à–Ω–æ –∫—É–¥–∞ —ç—Ç–∞ –¥—É—Ä–∞—á–∫–∞ –ø–æ–ª–µ—Ç–∏—Ç üòÇüòÇ"
2024-04-12T21:41:21.887+03:00,"{$EUTR} —è —É–≤–µ—Ä–µ–Ω —Ç–æ–ª—å–∫–æ –≤ –æ–¥–Ω–æ–º, —á—Ç–æ –¥–≤–∞ –±—Ä–∞—Ç–∞  –∞–∫—Ä–æ–±–∞—Ç–∞ –ª—é—Ç—ã–µ –º–æ—à–µ–Ω–Ω–∏–∫–∏, —É–∂ –æ–Ω–∏ –±—É–¥—É—Ç —Ç–æ—á–Ω–æ –≤ –ø–ª—é—Å–µ"
